PRAGMA foreign_keys=OFF;
BEGIN TRANSACTION;
CREATE TABLE IF NOT EXISTS "smartphone_cpu" (
    "Id" INTEGER NOT NULL CONSTRAINT "PK_smartphone_cpu" PRIMARY KEY AUTOINCREMENT,
    "Name" TEXT NOT NULL,
    "CoreCount" INTEGER NOT NULL,
    "ClockSpeed_MHz" INTEGER NOT NULL,
    "GpuName" TEXT NOT NULL
);
INSERT INTO smartphone_cpu VALUES(1,'A15 Bionic',6,3223,'Apple GPU');
INSERT INTO smartphone_cpu VALUES(2,'Dimensity 9000',8,3050,'Mali-G710');
INSERT INTO smartphone_cpu VALUES(3,'Snapdragon 8 Gen 1',8,3000,'Adreno 730');
INSERT INTO smartphone_cpu VALUES(4,'A14 Bionic',6,3100,'Apple GPU');
INSERT INTO smartphone_cpu VALUES(5,'Snapdragon 888 Plus',8,2995,'Adreno 660');
INSERT INTO smartphone_cpu VALUES(6,'Exynos 2200',8,2800,'Samsung Xclipse 920');
INSERT INTO smartphone_cpu VALUES(7,'Snapdragon 888',8,2840,'Adreno 660');
INSERT INTO smartphone_cpu VALUES(8,'Dimensity 8100',8,2850,'Mali-G610 MC6');
INSERT INTO smartphone_cpu VALUES(9,'Google Tensor',8,2800,'Mali-G78 MP20');
INSERT INTO smartphone_cpu VALUES(10,'Kirin 9000',8,3130,'Mali-G78 MP24');
INSERT INTO smartphone_cpu VALUES(11,'Exynos 2100',8,2900,'Mali-G78 MP14');
INSERT INTO smartphone_cpu VALUES(12,'A13 Bionic',6,2660,'Apple A13 Bionic GPU');
INSERT INTO smartphone_cpu VALUES(13,'Snapdragon 870',8,3200,'Adreno 650');
INSERT INTO smartphone_cpu VALUES(14,'Kirin 9000E',8,3130,'Mali-G78 MP22');
INSERT INTO smartphone_cpu VALUES(15,'Exynos 1080',8,2800,'Mali-G78 MP10');
INSERT INTO smartphone_cpu VALUES(16,'Snapdragon 865 Plus',8,3100,'Adreno 650');
INSERT INTO smartphone_cpu VALUES(17,'Dimensity 1200',8,3000,'Mali-G77 MC9');
INSERT INTO smartphone_cpu VALUES(18,'Snapdragon 865',8,2840,'Adreno 650');
INSERT INTO smartphone_cpu VALUES(19,'Dimensity 1100',8,2600,'Mali-G77 MC9');
INSERT INTO smartphone_cpu VALUES(20,'Exynos 990',8,2730,'Mali-G77 MP11');
INSERT INTO smartphone_cpu VALUES(21,'Dimensity 1000 Plus',8,2600,'Mali-G77 MC9');
INSERT INTO smartphone_cpu VALUES(22,'A12 Bionic',6,2490,'Apple A12 Bionic GPU');
INSERT INTO smartphone_cpu VALUES(23,'Snapdragon 860',8,2960,'Adreno 640');
INSERT INTO smartphone_cpu VALUES(24,'Snapdragon 855 Plus',8,2960,'Adreno 640');
INSERT INTO smartphone_cpu VALUES(25,'Kirin 990 (5G)',8,2860,'Mali G76 MP16');
INSERT INTO smartphone_cpu VALUES(26,'Snapdragon 778G Plus',8,2500,'Adreno 642L');
INSERT INTO smartphone_cpu VALUES(27,'Snapdragon 780G',8,2400,'Adreno 642');
INSERT INTO smartphone_cpu VALUES(28,'Snapdragon 855',8,2840,'Adreno 640');
INSERT INTO smartphone_cpu VALUES(29,'Snapdragon 778G',8,2400,'Adreno 642L');
INSERT INTO smartphone_cpu VALUES(30,'Kirin 990 (4G)',8,2860,'Mali G76 MP16');
INSERT INTO smartphone_cpu VALUES(31,'Exynos 9825',8,2730,'Mali G76 MP12');
INSERT INTO smartphone_cpu VALUES(32,'Dimensity 920',8,2500,'Mali-G68 MC4');
INSERT INTO smartphone_cpu VALUES(33,'Dimensity 1000',8,2600,'Mali-G77 MP9');
INSERT INTO smartphone_cpu VALUES(34,'Exynos 9820',8,2700,'Mali G76 MP12');
INSERT INTO smartphone_cpu VALUES(35,'Dimensity 1000L',8,2200,'Mali-G77 MC9');
INSERT INTO smartphone_cpu VALUES(36,'Kirin 985',8,2580,'Mali-G77 MP8');
INSERT INTO smartphone_cpu VALUES(37,'Kirin 980',8,2600,'Mali G76 MP10');
INSERT INTO smartphone_cpu VALUES(38,'Exynos 1280',8,2400,'Mali-G68');
INSERT INTO smartphone_cpu VALUES(39,'Kirin 820',8,2360,'Mali-G57 MP6');
INSERT INTO smartphone_cpu VALUES(40,'Dimensity 820',8,2600,'Mali-G57 MC5');
INSERT INTO smartphone_cpu VALUES(41,'Dimensity 900',8,2400,'Mali-G68 MC4');
INSERT INTO smartphone_cpu VALUES(42,'Snapdragon 768G',8,2800,'Adreno 620');
INSERT INTO smartphone_cpu VALUES(43,'Snapdragon 845',8,2800,'Adreno 630');
INSERT INTO smartphone_cpu VALUES(44,'Snapdragon 695',8,2200,'Adreno 619');
INSERT INTO smartphone_cpu VALUES(45,'A11 Bionic',6,2390,'Apple GPU');
INSERT INTO smartphone_cpu VALUES(46,'Exynos 9810',8,2900,'Mali-G72MP18');
INSERT INTO smartphone_cpu VALUES(47,'Exynos 980',8,2200,'Mali G76 MP5');
INSERT INTO smartphone_cpu VALUES(48,'Snapdragon 765G',8,2400,'Adreno 620');
INSERT INTO smartphone_cpu VALUES(49,'Dimensity 800U',8,2400,'Mali-G57 MC3');
INSERT INTO smartphone_cpu VALUES(50,'Snapdragon 765',8,2300,'Adreno 620');
INSERT INTO smartphone_cpu VALUES(51,'Dimensity 810',8,2400,'Mali-G57 MC2');
INSERT INTO smartphone_cpu VALUES(52,'Snapdragon 750G',8,2200,'Adreno 619');
INSERT INTO smartphone_cpu VALUES(53,'Kirin 810',8,2270,'Mali-G52 MP6');
INSERT INTO smartphone_cpu VALUES(54,'Dimensity 800',8,2000,'Mali-G57 MC4');
INSERT INTO smartphone_cpu VALUES(55,'Snapdragon 732G',8,2300,'Adreno 618');
INSERT INTO smartphone_cpu VALUES(56,'Exynos 880',8,2000,'Mali G76 MP5');
INSERT INTO smartphone_cpu VALUES(57,'Snapdragon 480 Plus',8,2200,'Adreno 619');
INSERT INTO smartphone_cpu VALUES(58,'Dimensity 700',8,2200,'Mali-G57 MC2');
INSERT INTO smartphone_cpu VALUES(59,'Dimensity 720',8,2000,'Mali-G57 MC3');
INSERT INTO smartphone_cpu VALUES(60,'Snapdragon 690',8,2000,'Adreno 619L');
INSERT INTO smartphone_cpu VALUES(61,'Snapdragon 720G',8,2300,'Adreno 618');
INSERT INTO smartphone_cpu VALUES(62,'Helio G90',8,2000,'Mali-G76 MC4');
INSERT INTO smartphone_cpu VALUES(63,'Snapdragon 730G',8,2200,'Adreno 618');
INSERT INTO smartphone_cpu VALUES(64,'Helio G96',8,2050,'Mali G57 MC2');
INSERT INTO smartphone_cpu VALUES(65,'Helio G95',8,2050,'Mali-G76 3EEMC4');
INSERT INTO smartphone_cpu VALUES(66,'Snapdragon 835',8,2450,'Adreno 540');
INSERT INTO smartphone_cpu VALUES(67,'Snapdragon 730',8,2200,'Adreno 618');
INSERT INTO smartphone_cpu VALUES(68,'Helio G90T',8,2050,'Mali-G76 MC4');
INSERT INTO smartphone_cpu VALUES(69,'Snapdragon 480',8,2000,'Adreno 619');
INSERT INTO smartphone_cpu VALUES(70,'A10 Fusion',4,2340,'PowerVR GT7600');
INSERT INTO smartphone_cpu VALUES(71,'Snapdragon 680',8,2400,'Adreno 610');
INSERT INTO smartphone_cpu VALUES(72,'Kirin 970',8,2360,'Mali G72 MP12');
INSERT INTO smartphone_cpu VALUES(73,'Exynos 8895',8,2300,'Mali-G71 MP20');
INSERT INTO smartphone_cpu VALUES(74,'Helio P95',8,2200,'PowerVR GM9446');
INSERT INTO smartphone_cpu VALUES(75,'Snapdragon 712',8,2300,'Adreno 616');
INSERT INTO smartphone_cpu VALUES(76,'Snapdragon 678',8,2200,'Adreno 612');
INSERT INTO smartphone_cpu VALUES(77,'Snapdragon 710',8,2200,'Adreno 616');
INSERT INTO smartphone_cpu VALUES(78,'Tiger T618',8,2000,'ARM Mali-G52 MP2');
INSERT INTO smartphone_cpu VALUES(79,'Snapdragon 820',4,2200,'Adreno 530');
INSERT INTO smartphone_cpu VALUES(80,'Snapdragon 675',8,2000,'Adreno 612');
INSERT INTO smartphone_cpu VALUES(81,'Helio P90',8,2200,'PowerVR GM9446');
INSERT INTO smartphone_cpu VALUES(82,'Helio G88',8,2000,'Mali-G52 MC2');
INSERT INTO smartphone_cpu VALUES(83,'Helio G80',8,2000,'Mali-G52 MP2');
INSERT INTO smartphone_cpu VALUES(84,'Kirin 960',8,2360,'Mali-G71 MP8');
INSERT INTO smartphone_cpu VALUES(85,'Helio G85',8,2000,'Mali-G52 MP2');
INSERT INTO smartphone_cpu VALUES(86,'Exynos 9611',8,2300,'Mali-G72 MP3');
INSERT INTO smartphone_cpu VALUES(87,'Exynos 9609',8,2200,'Mali-G72 MP3');
INSERT INTO smartphone_cpu VALUES(88,'Snapdragon 670',8,2000,'Adreno 615');
INSERT INTO smartphone_cpu VALUES(89,'Exynos 8890',8,2300,'Mali-T880 MP12');
INSERT INTO smartphone_cpu VALUES(90,'Tiger T616',8,2000,'Mali-G57 MP1');
INSERT INTO smartphone_cpu VALUES(91,'Tiger T700',8,1800,'ARM Mali-G52 MC2');
INSERT INTO smartphone_cpu VALUES(92,'Snapdragon 662',8,2000,'Adreno 610');
INSERT INTO smartphone_cpu VALUES(93,'Apple A9',2,1850,'PowerVR GT7600');
INSERT INTO smartphone_cpu VALUES(94,'Snapdragon 665',8,2000,'Adreno 610');
INSERT INTO smartphone_cpu VALUES(95,'Helio G70',8,2000,'Mali-G52 2EEMC2');
INSERT INTO smartphone_cpu VALUES(96,'Kirin 710F',8,2200,'Mali-G51 MP4');
INSERT INTO smartphone_cpu VALUES(97,'Exynos 9610',8,2300,'Mali-G72 MP3');
INSERT INTO smartphone_cpu VALUES(98,'Kirin 710A',8,2000,'Mali-G51');
INSERT INTO smartphone_cpu VALUES(99,'Exynos 850',8,2000,'Mali-G52 MP1');
INSERT INTO smartphone_cpu VALUES(100,'Snapdragon 460',8,1800,'Adreno 610');
INSERT INTO smartphone_cpu VALUES(101,'Helio P65',8,2000,'Mali-G52 MC2');
INSERT INTO smartphone_cpu VALUES(102,'Helio P70',8,2100,'Mali-G72 MP3');
INSERT INTO smartphone_cpu VALUES(103,'Kirin 710',8,2200,'Mali-G51 MP4');
INSERT INTO smartphone_cpu VALUES(104,'Snapdragon 821',4,2342,'Adreno 530');
INSERT INTO smartphone_cpu VALUES(105,'Snapdragon 660',8,2200,'Adreno 512');
INSERT INTO smartphone_cpu VALUES(106,'Unisoc T606',8,1600,'Mali-G57 MP1');
INSERT INTO smartphone_cpu VALUES(107,'Tiger T610',8,1820,'ARM Mali G52 MP2');
INSERT INTO smartphone_cpu VALUES(108,'Helio P60',8,2000,'Mali-G72 MP3');
INSERT INTO smartphone_cpu VALUES(109,'Exynos 7904',8,1800,'Mali-G71 MP2');
INSERT INTO smartphone_cpu VALUES(110,'Snapdragon 636',8,1800,'Adreno 509');
INSERT INTO smartphone_cpu VALUES(111,'Snapdragon 632',8,1800,'Adreno 506');
INSERT INTO smartphone_cpu VALUES(112,'Helio G35',8,2300,'IMG PowerVR GE8320');
INSERT INTO smartphone_cpu VALUES(113,'Exynos 7885',8,2200,'Mali-G71 MP2');
INSERT INTO smartphone_cpu VALUES(114,'Kirin 950',8,2400,'Mali-T880 MP4');
INSERT INTO smartphone_cpu VALUES(115,'Helio P35',8,2300,'IMG PowerVR GE8320');
INSERT INTO smartphone_cpu VALUES(116,'Helio A25',8,1800,'PowerVR GE8320');
INSERT INTO smartphone_cpu VALUES(117,'Helio G25',8,2000,'IMG PowerVR GE8320');
INSERT INTO smartphone_cpu VALUES(118,'Snapdragon 630',8,2200,'Adreno 508');
INSERT INTO smartphone_cpu VALUES(119,'Exynos 7872',6,2000,'Mali-G71 MP1');
INSERT INTO smartphone_cpu VALUES(120,'Kirin 955',8,2500,'ARM Mali-T880 MP4');
INSERT INTO smartphone_cpu VALUES(121,'Helio P23',8,2300,'Mali-G71 MP2');
INSERT INTO smartphone_cpu VALUES(122,'Exynos 7884B',8,1560,'Mali-G71 MP2');
INSERT INTO smartphone_cpu VALUES(123,'Kirin 659',8,2360,'Mali-T830 MP2');
INSERT INTO smartphone_cpu VALUES(124,'Exynos 7420',8,2100,'Mali-T760 MP8');
INSERT INTO smartphone_cpu VALUES(125,'Snapdragon 439',8,2000,'Adreno 505');
CREATE TABLE IF NOT EXISTS "smartphone" (
    "Id" INTEGER NOT NULL CONSTRAINT "PK_smartphone" PRIMARY KEY AUTOINCREMENT,
    "CpuId" INTEGER NOT NULL,
    "BatteryPower_mAh" INTEGER NOT NULL,
    "IsDualSim" INTEGER NOT NULL,
    "InternalMemory_GB" INTEGER NOT NULL,
    "Ram_MB" INTEGER NOT NULL,
    "PriceRange" INTEGER NOT NULL,
    CONSTRAINT "FK_smartphone_smartphone_cpu_CpuId" FOREIGN KEY ("CpuId") REFERENCES "smartphone_cpu" ("Id") ON DELETE RESTRICT
);
INSERT INTO smartphone VALUES(1,26,842,0,7,2549,1);
INSERT INTO smartphone VALUES(2,27,1021,1,53,2631,2);
INSERT INTO smartphone VALUES(3,41,563,1,41,2603,2);
INSERT INTO smartphone VALUES(4,18,615,0,10,2769,2);
INSERT INTO smartphone VALUES(5,70,1821,0,44,1411,1);
INSERT INTO smartphone VALUES(6,72,1859,1,22,1067,1);
INSERT INTO smartphone VALUES(7,74,1821,0,10,3220,3);
INSERT INTO smartphone VALUES(8,84,1954,1,24,700,0);
INSERT INTO smartphone VALUES(9,65,1445,0,53,1099,0);
INSERT INTO smartphone VALUES(10,46,509,1,9,513,0);
INSERT INTO smartphone VALUES(11,96,769,1,9,3946,3);
INSERT INTO smartphone VALUES(12,22,1520,0,33,3826,3);
INSERT INTO smartphone VALUES(13,66,1815,0,33,1482,1);
INSERT INTO smartphone VALUES(14,107,803,0,17,2680,2);
INSERT INTO smartphone VALUES(15,93,1866,0,52,373,0);
INSERT INTO smartphone VALUES(16,28,775,0,46,568,0);
INSERT INTO smartphone VALUES(17,45,838,0,13,3554,3);
INSERT INTO smartphone VALUES(18,73,595,1,23,3752,3);
INSERT INTO smartphone VALUES(19,51,1131,1,49,1835,1);
INSERT INTO smartphone VALUES(20,31,682,0,19,2337,1);
INSERT INTO smartphone VALUES(21,109,772,1,39,2819,3);
INSERT INTO smartphone VALUES(22,88,1709,0,13,3283,3);
INSERT INTO smartphone VALUES(23,19,1949,1,47,1433,1);
INSERT INTO smartphone VALUES(24,5,1602,1,38,1037,0);
INSERT INTO smartphone VALUES(25,89,503,1,8,2583,1);
INSERT INTO smartphone VALUES(26,125,961,1,57,2782,2);
INSERT INTO smartphone VALUES(27,69,519,1,51,3763,3);
INSERT INTO smartphone VALUES(28,40,956,0,41,3286,3);
INSERT INTO smartphone VALUES(29,25,1453,1,52,2373,2);
INSERT INTO smartphone VALUES(30,121,851,0,21,478,0);
INSERT INTO smartphone VALUES(31,33,1579,1,5,3532,3);
INSERT INTO smartphone VALUES(32,66,1568,0,33,508,0);
INSERT INTO smartphone VALUES(33,112,1319,0,41,2227,1);
INSERT INTO smartphone VALUES(34,68,1310,1,51,3845,3);
INSERT INTO smartphone VALUES(35,118,644,0,22,1262,0);
INSERT INTO smartphone VALUES(36,4,725,1,60,1326,1);
INSERT INTO smartphone VALUES(37,59,589,1,61,2113,1);
INSERT INTO smartphone VALUES(38,19,1725,1,6,3429,3);
INSERT INTO smartphone VALUES(39,107,790,1,11,3169,2);
INSERT INTO smartphone VALUES(40,87,560,1,50,2150,2);
INSERT INTO smartphone VALUES(41,78,1347,0,44,2484,2);
INSERT INTO smartphone VALUES(42,81,1646,0,41,3339,3);
INSERT INTO smartphone VALUES(43,81,1253,1,5,1878,1);
INSERT INTO smartphone VALUES(44,77,1656,0,34,1629,1);
INSERT INTO smartphone VALUES(45,21,1195,0,20,504,0);
INSERT INTO smartphone VALUES(46,49,1514,0,27,1152,1);
INSERT INTO smartphone VALUES(47,77,1723,1,42,3587,3);
INSERT INTO smartphone VALUES(48,115,1054,1,40,2296,1);
INSERT INTO smartphone VALUES(49,66,578,1,57,1270,0);
INSERT INTO smartphone VALUES(50,2,596,1,64,3238,3);
INSERT INTO smartphone VALUES(51,99,1547,1,14,2059,2);
INSERT INTO smartphone VALUES(52,124,1760,1,63,2053,2);
INSERT INTO smartphone VALUES(53,26,1654,1,43,3112,3);
INSERT INTO smartphone VALUES(54,89,1457,1,16,1440,1);
INSERT INTO smartphone VALUES(55,110,1073,1,51,2908,2);
INSERT INTO smartphone VALUES(56,43,1936,1,46,2552,2);
INSERT INTO smartphone VALUES(57,30,823,1,60,905,0);
INSERT INTO smartphone VALUES(58,120,987,1,61,3963,3);
INSERT INTO smartphone VALUES(59,43,1757,0,49,2056,1);
INSERT INTO smartphone VALUES(60,125,1063,1,48,2910,2);
INSERT INTO smartphone VALUES(61,87,1484,0,12,1457,1);
INSERT INTO smartphone VALUES(62,11,799,0,63,431,0);
INSERT INTO smartphone VALUES(63,85,1156,1,50,470,0);
INSERT INTO smartphone VALUES(64,9,1720,0,55,2148,2);
INSERT INTO smartphone VALUES(65,18,702,1,9,2955,2);
INSERT INTO smartphone VALUES(66,120,616,1,44,3366,3);
INSERT INTO smartphone VALUES(67,10,1358,0,36,3068,3);
INSERT INTO smartphone VALUES(68,17,1866,0,30,3834,3);
INSERT INTO smartphone VALUES(69,107,1242,1,10,1050,0);
INSERT INTO smartphone VALUES(70,21,1166,1,43,3993,3);
INSERT INTO smartphone VALUES(71,79,1448,1,45,3378,3);
INSERT INTO smartphone VALUES(72,62,1407,0,22,2192,2);
INSERT INTO smartphone VALUES(73,56,605,0,9,392,0);
INSERT INTO smartphone VALUES(74,35,1038,0,43,3709,3);
INSERT INTO smartphone VALUES(75,62,797,1,38,590,0);
INSERT INTO smartphone VALUES(76,7,819,1,42,1814,1);
INSERT INTO smartphone VALUES(77,109,1114,0,9,907,0);
INSERT INTO smartphone VALUES(78,82,1234,1,33,1449,0);
INSERT INTO smartphone VALUES(79,32,1199,1,16,3448,3);
INSERT INTO smartphone VALUES(80,29,1103,1,29,1837,1);
INSERT INTO smartphone VALUES(81,26,1589,1,58,3464,3);
INSERT INTO smartphone VALUES(82,113,999,1,64,2593,2);
INSERT INTO smartphone VALUES(83,39,1510,1,45,3484,3);
INSERT INTO smartphone VALUES(84,97,1008,0,61,2009,1);
INSERT INTO smartphone VALUES(85,48,1127,1,57,2048,1);
INSERT INTO smartphone VALUES(86,77,1412,0,25,837,1);
INSERT INTO smartphone VALUES(87,92,1496,1,42,854,0);
INSERT INTO smartphone VALUES(88,91,1083,1,64,3210,3);
INSERT INTO smartphone VALUES(89,44,668,1,3,2746,2);
INSERT INTO smartphone VALUES(90,18,1309,1,33,2334,2);
INSERT INTO smartphone VALUES(91,100,1724,1,57,2822,3);
INSERT INTO smartphone VALUES(92,49,1977,1,54,1971,2);
INSERT INTO smartphone VALUES(93,113,885,1,15,1410,0);
INSERT INTO smartphone VALUES(94,36,879,0,14,349,0);
INSERT INTO smartphone VALUES(95,37,1322,1,7,1418,1);
INSERT INTO smartphone VALUES(96,59,1137,0,7,3616,3);
INSERT INTO smartphone VALUES(97,6,1355,0,23,880,0);
INSERT INTO smartphone VALUES(98,69,1665,0,60,1601,2);
INSERT INTO smartphone VALUES(99,8,657,0,37,1412,0);
INSERT INTO smartphone VALUES(100,75,593,0,31,1692,1);
INSERT INTO smartphone VALUES(101,49,1883,0,10,2600,3);
INSERT INTO smartphone VALUES(102,15,1732,0,12,1308,1);
INSERT INTO smartphone VALUES(103,79,543,0,57,2413,1);
INSERT INTO smartphone VALUES(104,23,1939,1,55,1047,0);
INSERT INTO smartphone VALUES(105,91,553,1,8,1204,0);
INSERT INTO smartphone VALUES(106,20,832,1,39,1799,1);
INSERT INTO smartphone VALUES(107,125,1661,1,23,2676,3);
INSERT INTO smartphone VALUES(108,60,1657,0,42,2597,3);
INSERT INTO smartphone VALUES(109,95,1135,1,46,3029,3);
INSERT INTO smartphone VALUES(110,21,1775,0,41,2343,3);
INSERT INTO smartphone VALUES(111,8,783,1,43,2016,1);
INSERT INTO smartphone VALUES(112,79,617,0,32,2213,1);
INSERT INTO smartphone VALUES(113,87,867,1,4,790,0);
INSERT INTO smartphone VALUES(114,5,1310,1,7,3182,2);
INSERT INTO smartphone VALUES(115,84,1804,0,22,3472,3);
INSERT INTO smartphone VALUES(116,41,1900,0,18,2871,3);
INSERT INTO smartphone VALUES(117,9,909,0,53,3187,2);
INSERT INTO smartphone VALUES(118,5,1084,0,40,1945,1);
INSERT INTO smartphone VALUES(119,52,1308,1,46,488,0);
INSERT INTO smartphone VALUES(120,114,1778,0,15,1214,1);
INSERT INTO smartphone VALUES(121,33,1701,1,10,2598,2);
INSERT INTO smartphone VALUES(122,97,772,1,10,3242,3);
INSERT INTO smartphone VALUES(123,26,825,1,52,3534,3);
INSERT INTO smartphone VALUES(124,45,1379,0,36,3426,3);
INSERT INTO smartphone VALUES(125,80,1166,0,25,2488,2);
INSERT INTO smartphone VALUES(126,119,1659,0,16,3255,3);
INSERT INTO smartphone VALUES(127,89,826,1,58,2863,2);
INSERT INTO smartphone VALUES(128,26,1564,0,25,1496,1);
INSERT INTO smartphone VALUES(129,77,1957,1,31,3801,3);
INSERT INTO smartphone VALUES(130,42,1571,0,19,666,0);
INSERT INTO smartphone VALUES(131,61,1414,1,54,3799,3);
INSERT INTO smartphone VALUES(132,85,1790,1,2,1366,1);
INSERT INTO smartphone VALUES(133,42,645,0,41,2962,2);
INSERT INTO smartphone VALUES(134,88,668,1,30,2399,1);
INSERT INTO smartphone VALUES(135,33,1652,1,36,2338,2);
INSERT INTO smartphone VALUES(136,67,1213,0,16,2700,2);
INSERT INTO smartphone VALUES(137,3,1272,1,22,2235,1);
INSERT INTO smartphone VALUES(138,52,866,1,46,3825,3);
INSERT INTO smartphone VALUES(139,25,536,1,3,284,0);
INSERT INTO smartphone VALUES(140,108,523,1,14,1427,0);
INSERT INTO smartphone VALUES(141,102,1753,1,31,1324,2);
INSERT INTO smartphone VALUES(142,79,1218,1,14,398,0);
INSERT INTO smartphone VALUES(143,89,1537,0,43,3685,3);
INSERT INTO smartphone VALUES(144,110,786,1,33,2390,2);
INSERT INTO smartphone VALUES(145,124,1678,0,64,278,0);
INSERT INTO smartphone VALUES(146,33,1814,1,9,3556,3);
INSERT INTO smartphone VALUES(147,18,1101,0,31,2196,1);
INSERT INTO smartphone VALUES(148,118,1461,1,40,3799,3);
INSERT INTO smartphone VALUES(149,59,1216,0,47,2268,2);
INSERT INTO smartphone VALUES(150,91,506,0,41,2965,2);
INSERT INTO smartphone VALUES(151,6,843,0,56,2341,1);
INSERT INTO smartphone VALUES(152,91,742,1,56,3557,3);
INSERT INTO smartphone VALUES(153,74,1692,0,61,1354,1);
INSERT INTO smartphone VALUES(154,63,1485,0,32,2147,2);
INSERT INTO smartphone VALUES(155,99,1547,1,45,505,0);
INSERT INTO smartphone VALUES(156,93,1692,1,46,1394,1);
INSERT INTO smartphone VALUES(157,36,637,0,60,374,0);
INSERT INTO smartphone VALUES(158,70,1224,0,6,506,0);
INSERT INTO smartphone VALUES(159,96,1356,0,29,3702,3);
INSERT INTO smartphone VALUES(160,7,1840,1,34,1078,1);
INSERT INTO smartphone VALUES(161,114,1481,1,37,2945,2);
INSERT INTO smartphone VALUES(162,77,961,1,51,2981,2);
INSERT INTO smartphone VALUES(163,47,1296,1,14,490,0);
INSERT INTO smartphone VALUES(164,98,1193,0,26,536,0);
INSERT INTO smartphone VALUES(165,119,1441,1,3,2317,2);
INSERT INTO smartphone VALUES(166,89,517,1,33,3704,3);
INSERT INTO smartphone VALUES(167,77,748,0,27,2126,1);
INSERT INTO smartphone VALUES(168,2,1126,0,10,2050,2);
INSERT INTO smartphone VALUES(169,59,1572,0,58,2462,3);
INSERT INTO smartphone VALUES(170,108,1569,1,44,1260,1);
INSERT INTO smartphone VALUES(171,25,1270,1,32,3770,3);
INSERT INTO smartphone VALUES(172,31,1854,0,8,1886,1);
INSERT INTO smartphone VALUES(173,106,625,1,10,3323,2);
INSERT INTO smartphone VALUES(174,106,1577,1,42,2060,2);
INSERT INTO smartphone VALUES(175,76,534,1,16,3926,3);
INSERT INTO smartphone VALUES(176,8,946,1,25,2177,2);
INSERT INTO smartphone VALUES(177,8,685,0,29,728,0);
INSERT INTO smartphone VALUES(178,123,1949,1,23,2478,3);
INSERT INTO smartphone VALUES(179,107,947,1,22,2842,2);
INSERT INTO smartphone VALUES(180,88,801,1,63,1617,1);
INSERT INTO smartphone VALUES(181,104,703,0,30,1472,0);
INSERT INTO smartphone VALUES(182,72,1165,0,41,764,0);
INSERT INTO smartphone VALUES(183,30,1082,0,38,2337,2);
INSERT INTO smartphone VALUES(184,43,959,1,20,3965,3);
INSERT INTO smartphone VALUES(185,27,1502,0,54,3693,3);
INSERT INTO smartphone VALUES(186,122,1380,1,4,797,0);
INSERT INTO smartphone VALUES(187,67,1266,0,5,1687,2);
INSERT INTO smartphone VALUES(188,77,1934,1,46,2940,3);
INSERT INTO smartphone VALUES(189,113,1905,0,6,1545,1);
INSERT INTO smartphone VALUES(190,101,1831,1,43,3834,3);
INSERT INTO smartphone VALUES(191,20,596,0,46,2505,1);
INSERT INTO smartphone VALUES(192,38,1562,1,7,2243,2);
INSERT INTO smartphone VALUES(193,53,1490,1,64,3600,3);
INSERT INTO smartphone VALUES(194,76,1523,0,57,3971,3);
INSERT INTO smartphone VALUES(195,74,640,0,20,2844,2);
INSERT INTO smartphone VALUES(196,92,1526,0,23,2227,2);
INSERT INTO smartphone VALUES(197,24,1989,1,41,1665,2);
INSERT INTO smartphone VALUES(198,26,1308,0,61,3355,3);
INSERT INTO smartphone VALUES(199,82,609,0,26,1866,1);
INSERT INTO smartphone VALUES(200,8,1905,1,36,1287,1);
INSERT INTO smartphone VALUES(201,91,1703,0,22,1046,0);
INSERT INTO smartphone VALUES(202,82,1445,1,20,1441,1);
INSERT INTO smartphone VALUES(203,19,1087,0,16,690,0);
INSERT INTO smartphone VALUES(204,6,671,1,30,2504,2);
INSERT INTO smartphone VALUES(205,93,1472,0,61,2677,2);
INSERT INTO smartphone VALUES(206,118,765,1,47,2243,2);
INSERT INTO smartphone VALUES(207,85,1642,1,8,2984,2);
INSERT INTO smartphone VALUES(208,5,1265,0,49,1362,1);
INSERT INTO smartphone VALUES(209,44,664,1,51,3629,3);
INSERT INTO smartphone VALUES(210,117,1277,1,35,3559,3);
INSERT INTO smartphone VALUES(211,41,1395,1,23,2571,2);
INSERT INTO smartphone VALUES(212,99,1539,0,41,2107,2);
INSERT INTO smartphone VALUES(213,33,1049,0,63,1022,0);
INSERT INTO smartphone VALUES(214,111,1827,0,39,2844,2);
INSERT INTO smartphone VALUES(215,48,903,1,50,711,0);
INSERT INTO smartphone VALUES(216,79,1987,0,53,3117,3);
INSERT INTO smartphone VALUES(217,45,1154,1,49,978,0);
INSERT INTO smartphone VALUES(218,74,1336,0,17,1869,1);
INSERT INTO smartphone VALUES(219,37,1886,0,24,1179,1);
INSERT INTO smartphone VALUES(220,79,1551,0,51,3844,3);
INSERT INTO smartphone VALUES(221,72,850,1,29,593,0);
INSERT INTO smartphone VALUES(222,111,660,0,40,588,0);
INSERT INTO smartphone VALUES(223,36,1225,1,13,3836,3);
INSERT INTO smartphone VALUES(224,28,1452,1,25,2669,2);
INSERT INTO smartphone VALUES(225,91,1686,1,38,2958,3);
INSERT INTO smartphone VALUES(226,37,1634,0,17,3031,3);
INSERT INTO smartphone VALUES(227,62,1708,1,49,3388,3);
INSERT INTO smartphone VALUES(228,30,1151,1,31,2377,2);
INSERT INTO smartphone VALUES(229,73,1578,1,37,2458,2);
INSERT INTO smartphone VALUES(230,111,1689,0,24,2766,3);
INSERT INTO smartphone VALUES(231,76,1488,0,39,3054,3);
INSERT INTO smartphone VALUES(232,83,1313,1,9,3791,3);
INSERT INTO smartphone VALUES(233,20,1715,1,31,625,0);
INSERT INTO smartphone VALUES(234,30,1442,1,27,2227,1);
INSERT INTO smartphone VALUES(235,58,528,0,6,3256,2);
INSERT INTO smartphone VALUES(236,79,1523,0,11,707,0);
INSERT INTO smartphone VALUES(237,120,1133,0,42,1457,1);
INSERT INTO smartphone VALUES(238,108,1718,1,6,3755,3);
INSERT INTO smartphone VALUES(239,45,1330,0,38,1733,1);
INSERT INTO smartphone VALUES(240,117,1799,0,49,720,0);
INSERT INTO smartphone VALUES(241,67,633,0,49,3560,2);
INSERT INTO smartphone VALUES(242,19,724,1,44,2311,2);
INSERT INTO smartphone VALUES(243,27,822,0,51,3846,3);
INSERT INTO smartphone VALUES(244,17,1918,0,10,1717,2);
INSERT INTO smartphone VALUES(245,98,1891,0,37,3704,3);
INSERT INTO smartphone VALUES(246,116,1373,1,50,3800,3);
INSERT INTO smartphone VALUES(247,30,862,1,23,278,0);
INSERT INTO smartphone VALUES(248,105,1273,0,48,1767,1);
INSERT INTO smartphone VALUES(249,113,957,0,7,1846,1);
INSERT INTO smartphone VALUES(250,78,1617,1,30,829,0);
INSERT INTO smartphone VALUES(251,18,893,1,55,2986,2);
INSERT INTO smartphone VALUES(252,102,1210,0,63,2394,2);
INSERT INTO smartphone VALUES(253,5,708,1,63,2169,1);
INSERT INTO smartphone VALUES(254,17,835,1,7,1181,0);
INSERT INTO smartphone VALUES(255,52,1450,1,19,575,0);
INSERT INTO smartphone VALUES(256,100,973,0,57,2977,2);
INSERT INTO smartphone VALUES(257,48,601,0,4,532,0);
INSERT INTO smartphone VALUES(258,70,507,1,32,1702,1);
INSERT INTO smartphone VALUES(259,103,564,1,51,1074,0);
INSERT INTO smartphone VALUES(260,85,1559,1,6,3352,3);
INSERT INTO smartphone VALUES(261,56,754,1,59,1027,1);
INSERT INTO smartphone VALUES(262,96,728,1,25,2039,1);
INSERT INTO smartphone VALUES(263,88,1431,0,56,461,0);
INSERT INTO smartphone VALUES(264,10,767,0,28,527,0);
INSERT INTO smartphone VALUES(265,38,1722,0,18,3271,3);
INSERT INTO smartphone VALUES(266,65,1992,0,57,606,1);
INSERT INTO smartphone VALUES(267,33,1876,0,40,2513,3);
INSERT INTO smartphone VALUES(268,17,1054,1,38,1675,1);
INSERT INTO smartphone VALUES(269,27,1283,1,47,2698,2);
INSERT INTO smartphone VALUES(270,3,1281,1,28,1129,1);
INSERT INTO smartphone VALUES(271,105,1066,0,7,468,0);
INSERT INTO smartphone VALUES(272,10,730,1,4,1210,0);
INSERT INTO smartphone VALUES(273,70,1053,1,45,3086,3);
INSERT INTO smartphone VALUES(274,26,1611,1,3,1595,1);
INSERT INTO smartphone VALUES(275,51,793,1,30,2332,2);
INSERT INTO smartphone VALUES(276,42,1220,0,62,2589,2);
INSERT INTO smartphone VALUES(277,77,1662,0,61,3760,3);
INSERT INTO smartphone VALUES(278,84,1281,1,8,1851,1);
INSERT INTO smartphone VALUES(279,94,538,0,2,417,0);
INSERT INTO smartphone VALUES(280,68,823,0,39,294,0);
INSERT INTO smartphone VALUES(281,121,1733,0,36,3576,3);
INSERT INTO smartphone VALUES(282,60,1429,1,40,3945,3);
INSERT INTO smartphone VALUES(283,121,1839,0,54,927,1);
INSERT INTO smartphone VALUES(284,56,659,0,6,2044,1);
INSERT INTO smartphone VALUES(285,67,1953,1,56,2334,2);
INSERT INTO smartphone VALUES(286,104,1172,0,27,1477,1);
INSERT INTO smartphone VALUES(287,5,612,1,16,3161,3);
INSERT INTO smartphone VALUES(288,91,1563,0,24,3660,3);
INSERT INTO smartphone VALUES(289,5,1191,1,26,1604,1);
INSERT INTO smartphone VALUES(290,70,615,1,42,2211,1);
INSERT INTO smartphone VALUES(291,113,1893,1,63,3822,3);
INSERT INTO smartphone VALUES(292,17,1563,1,16,3922,3);
INSERT INTO smartphone VALUES(293,38,1995,0,9,1203,2);
INSERT INTO smartphone VALUES(294,5,1517,0,48,2822,3);
INSERT INTO smartphone VALUES(295,12,832,1,34,447,0);
INSERT INTO smartphone VALUES(296,120,1162,0,56,1652,1);
INSERT INTO smartphone VALUES(297,72,1595,0,12,3608,3);
INSERT INTO smartphone VALUES(298,37,1329,0,52,1228,1);
INSERT INTO smartphone VALUES(299,18,928,1,56,666,0);
INSERT INTO smartphone VALUES(300,69,1656,1,38,1499,1);
INSERT INTO smartphone VALUES(301,67,1937,0,58,3321,3);
INSERT INTO smartphone VALUES(302,43,977,1,57,1206,0);
INSERT INTO smartphone VALUES(303,69,768,0,56,952,0);
INSERT INTO smartphone VALUES(304,10,1464,1,12,3927,3);
INSERT INTO smartphone VALUES(305,114,1177,0,29,311,0);
INSERT INTO smartphone VALUES(306,90,1348,0,52,955,1);
INSERT INTO smartphone VALUES(307,31,1956,0,37,1109,1);
INSERT INTO smartphone VALUES(308,92,1751,1,8,2969,2);
INSERT INTO smartphone VALUES(309,92,1530,0,42,725,0);
INSERT INTO smartphone VALUES(310,106,1997,1,40,1655,2);
INSERT INTO smartphone VALUES(311,9,1414,1,44,3490,3);
INSERT INTO smartphone VALUES(312,95,1707,0,41,1774,2);
INSERT INTO smartphone VALUES(313,94,894,1,50,3615,3);
INSERT INTO smartphone VALUES(314,34,645,0,41,714,0);
INSERT INTO smartphone VALUES(315,35,1163,1,49,2768,2);
INSERT INTO smartphone VALUES(316,37,1126,0,49,3739,3);
INSERT INTO smartphone VALUES(317,113,1648,0,64,610,1);
INSERT INTO smartphone VALUES(318,37,1170,0,14,715,0);
INSERT INTO smartphone VALUES(319,62,508,0,42,663,0);
INSERT INTO smartphone VALUES(320,75,1097,1,64,1725,1);
INSERT INTO smartphone VALUES(321,109,728,1,5,834,0);
INSERT INTO smartphone VALUES(322,40,1980,1,29,3865,3);
INSERT INTO smartphone VALUES(323,1,1504,1,64,3059,3);
INSERT INTO smartphone VALUES(324,75,1379,1,63,651,0);
INSERT INTO smartphone VALUES(325,67,1698,0,18,796,0);
INSERT INTO smartphone VALUES(326,36,920,1,25,785,0);
INSERT INTO smartphone VALUES(327,5,1144,1,21,3252,2);
INSERT INTO smartphone VALUES(328,70,1995,0,26,1322,1);
INSERT INTO smartphone VALUES(329,27,1430,1,27,2832,2);
INSERT INTO smartphone VALUES(330,118,972,1,13,1615,1);
INSERT INTO smartphone VALUES(331,11,662,0,20,2125,1);
INSERT INTO smartphone VALUES(332,3,1867,0,9,990,1);
INSERT INTO smartphone VALUES(333,57,1730,1,20,1595,1);
INSERT INTO smartphone VALUES(334,48,1723,0,7,1213,1);
INSERT INTO smartphone VALUES(335,121,1882,1,47,2500,2);
INSERT INTO smartphone VALUES(336,21,803,1,18,2801,2);
INSERT INTO smartphone VALUES(337,14,580,1,47,3451,3);
INSERT INTO smartphone VALUES(338,13,668,0,48,1201,0);
INSERT INTO smartphone VALUES(339,12,1391,0,36,3139,2);
INSERT INTO smartphone VALUES(340,109,1560,0,22,1938,2);
INSERT INTO smartphone VALUES(341,82,821,1,54,3185,2);
INSERT INTO smartphone VALUES(342,26,811,1,2,2111,1);
INSERT INTO smartphone VALUES(343,115,1989,1,17,2369,2);
INSERT INTO smartphone VALUES(344,51,1034,1,37,3625,3);
INSERT INTO smartphone VALUES(345,75,618,0,6,1051,0);
INSERT INTO smartphone VALUES(346,78,654,0,52,1036,1);
INSERT INTO smartphone VALUES(347,46,576,0,10,2938,2);
INSERT INTO smartphone VALUES(348,4,667,0,3,2855,2);
INSERT INTO smartphone VALUES(349,124,869,0,57,2727,2);
INSERT INTO smartphone VALUES(350,27,635,1,42,2973,2);
INSERT INTO smartphone VALUES(351,108,609,0,44,2581,1);
INSERT INTO smartphone VALUES(352,54,1557,1,2,2690,3);
INSERT INTO smartphone VALUES(353,26,1604,0,33,916,0);
INSERT INTO smartphone VALUES(354,77,1182,0,8,2563,2);
INSERT INTO smartphone VALUES(355,2,848,1,19,3359,2);
INSERT INTO smartphone VALUES(356,64,1610,0,64,941,1);
INSERT INTO smartphone VALUES(357,38,1828,1,17,2280,2);
INSERT INTO smartphone VALUES(358,101,880,1,50,827,0);
INSERT INTO smartphone VALUES(359,44,1394,1,62,473,0);
INSERT INTO smartphone VALUES(360,45,1960,1,61,3865,3);
INSERT INTO smartphone VALUES(361,65,809,0,21,1274,1);
INSERT INTO smartphone VALUES(362,43,899,1,57,364,0);
INSERT INTO smartphone VALUES(363,92,1976,1,32,3699,3);
INSERT INTO smartphone VALUES(364,54,879,1,21,2927,2);
INSERT INTO smartphone VALUES(365,62,916,0,36,1470,0);
INSERT INTO smartphone VALUES(366,107,763,1,2,1050,0);
INSERT INTO smartphone VALUES(367,69,508,1,9,2616,2);
INSERT INTO smartphone VALUES(368,99,825,1,34,2915,3);
INSERT INTO smartphone VALUES(369,61,1864,0,46,2686,2);
INSERT INTO smartphone VALUES(370,67,1725,1,52,1243,1);
INSERT INTO smartphone VALUES(371,14,1108,0,52,3264,3);
INSERT INTO smartphone VALUES(372,6,1011,0,36,2261,1);
INSERT INTO smartphone VALUES(373,63,1703,1,55,2993,3);
INSERT INTO smartphone VALUES(374,5,1067,1,58,706,0);
INSERT INTO smartphone VALUES(375,15,1334,0,42,2542,3);
INSERT INTO smartphone VALUES(376,116,775,0,30,2523,2);
INSERT INTO smartphone VALUES(377,43,1899,0,26,336,0);
INSERT INTO smartphone VALUES(378,89,930,1,14,2457,1);
INSERT INTO smartphone VALUES(379,74,1058,0,19,418,0);
INSERT INTO smartphone VALUES(380,119,1187,0,46,3917,3);
INSERT INTO smartphone VALUES(381,25,1874,1,8,1246,1);
INSERT INTO smartphone VALUES(382,34,1482,0,48,2971,2);
INSERT INTO smartphone VALUES(383,7,1809,0,59,2324,2);
INSERT INTO smartphone VALUES(384,43,864,1,54,3121,2);
INSERT INTO smartphone VALUES(385,48,625,0,33,3801,2);
INSERT INTO smartphone VALUES(386,13,1880,0,18,3333,3);
INSERT INTO smartphone VALUES(387,47,1138,0,44,3475,3);
INSERT INTO smartphone VALUES(388,66,560,0,23,2360,1);
INSERT INTO smartphone VALUES(389,94,1117,0,12,2895,2);
INSERT INTO smartphone VALUES(390,39,1712,0,63,3652,3);
INSERT INTO smartphone VALUES(391,10,1836,1,26,3097,3);
INSERT INTO smartphone VALUES(392,97,1036,0,39,2101,1);
INSERT INTO smartphone VALUES(393,29,1860,0,23,3918,3);
INSERT INTO smartphone VALUES(394,9,1375,0,9,3869,3);
INSERT INTO smartphone VALUES(395,106,1945,1,57,732,1);
INSERT INTO smartphone VALUES(396,27,1896,1,7,3684,3);
INSERT INTO smartphone VALUES(397,116,788,1,57,3969,3);
INSERT INTO smartphone VALUES(398,43,880,1,33,1414,0);
INSERT INTO smartphone VALUES(399,4,1323,1,28,1892,1);
INSERT INTO smartphone VALUES(400,63,1868,1,42,3131,3);
INSERT INTO smartphone VALUES(401,26,1266,1,7,2532,2);
INSERT INTO smartphone VALUES(402,28,1042,1,50,3215,3);
INSERT INTO smartphone VALUES(403,35,1479,0,19,3323,3);
INSERT INTO smartphone VALUES(404,31,1476,1,55,1529,2);
INSERT INTO smartphone VALUES(405,36,1552,0,13,2403,2);
INSERT INTO smartphone VALUES(406,118,1454,1,34,3419,3);
INSERT INTO smartphone VALUES(407,53,1007,0,45,3648,3);
INSERT INTO smartphone VALUES(408,31,652,1,17,1974,0);
INSERT INTO smartphone VALUES(409,107,1504,0,34,2806,2);
INSERT INTO smartphone VALUES(410,76,1726,1,51,2239,2);
INSERT INTO smartphone VALUES(411,125,1029,1,5,582,0);
INSERT INTO smartphone VALUES(412,114,1582,0,44,3890,3);
INSERT INTO smartphone VALUES(413,49,1478,1,48,1141,1);
INSERT INTO smartphone VALUES(414,114,1178,0,49,2511,2);
INSERT INTO smartphone VALUES(415,30,707,1,25,3838,3);
INSERT INTO smartphone VALUES(416,73,755,0,51,2734,2);
INSERT INTO smartphone VALUES(417,118,912,0,54,2330,1);
INSERT INTO smartphone VALUES(418,82,651,1,63,2244,1);
INSERT INTO smartphone VALUES(419,23,1483,0,54,1851,1);
INSERT INTO smartphone VALUES(420,65,914,0,4,808,0);
INSERT INTO smartphone VALUES(421,52,1456,1,7,1587,1);
INSERT INTO smartphone VALUES(422,102,1178,1,57,2492,2);
INSERT INTO smartphone VALUES(423,56,1503,0,43,2122,2);
INSERT INTO smartphone VALUES(424,32,1681,0,11,1122,0);
INSERT INTO smartphone VALUES(425,42,715,1,48,3709,2);
INSERT INTO smartphone VALUES(426,100,1876,1,56,3021,2);
INSERT INTO smartphone VALUES(427,122,1190,1,47,624,0);
INSERT INTO smartphone VALUES(428,57,1755,0,24,3937,3);
INSERT INTO smartphone VALUES(429,92,1197,0,20,1797,1);
INSERT INTO smartphone VALUES(430,28,1048,0,28,1458,1);
INSERT INTO smartphone VALUES(431,112,1887,1,17,3348,3);
INSERT INTO smartphone VALUES(432,4,1772,1,64,1834,1);
INSERT INTO smartphone VALUES(433,66,1421,0,57,2775,3);
INSERT INTO smartphone VALUES(434,110,1464,1,17,1277,1);
INSERT INTO smartphone VALUES(435,87,728,1,23,457,0);
INSERT INTO smartphone VALUES(436,35,954,0,50,438,0);
INSERT INTO smartphone VALUES(437,58,685,1,13,3210,3);
INSERT INTO smartphone VALUES(438,109,1472,1,36,985,1);
INSERT INTO smartphone VALUES(439,73,853,0,3,3701,3);
INSERT INTO smartphone VALUES(440,113,1469,0,8,1052,0);
INSERT INTO smartphone VALUES(441,115,1310,1,57,1175,0);
INSERT INTO smartphone VALUES(442,98,1654,0,11,1070,1);
INSERT INTO smartphone VALUES(443,24,902,0,3,3411,3);
INSERT INTO smartphone VALUES(444,67,1448,1,26,1175,1);
INSERT INTO smartphone VALUES(445,123,1631,1,3,301,0);
INSERT INTO smartphone VALUES(446,61,1608,1,28,489,0);
INSERT INTO smartphone VALUES(447,53,1991,0,64,1733,2);
INSERT INTO smartphone VALUES(448,88,1349,1,62,2756,2);
INSERT INTO smartphone VALUES(449,1,1589,0,51,2612,2);
INSERT INTO smartphone VALUES(450,2,1844,1,51,1724,1);
INSERT INTO smartphone VALUES(451,81,712,1,35,2190,1);
INSERT INTO smartphone VALUES(452,100,972,0,54,1900,1);
INSERT INTO smartphone VALUES(453,108,1406,1,34,3915,3);
INSERT INTO smartphone VALUES(454,98,1289,0,25,1043,0);
INSERT INTO smartphone VALUES(455,5,932,0,64,3817,3);
INSERT INTO smartphone VALUES(456,67,1747,0,48,2362,2);
INSERT INTO smartphone VALUES(457,115,1172,1,41,1107,1);
INSERT INTO smartphone VALUES(458,3,1128,0,53,2982,3);
INSERT INTO smartphone VALUES(459,62,664,1,28,2042,1);
INSERT INTO smartphone VALUES(460,21,513,0,44,1343,0);
INSERT INTO smartphone VALUES(461,106,1742,1,43,2610,2);
INSERT INTO smartphone VALUES(462,111,1512,0,6,2335,2);
INSERT INTO smartphone VALUES(463,19,1986,1,51,1614,1);
INSERT INTO smartphone VALUES(464,82,965,1,13,1138,0);
INSERT INTO smartphone VALUES(465,39,1067,1,40,604,0);
INSERT INTO smartphone VALUES(466,60,1583,0,42,3652,3);
INSERT INTO smartphone VALUES(467,10,1653,1,37,3955,3);
INSERT INTO smartphone VALUES(468,16,1433,0,4,258,0);
INSERT INTO smartphone VALUES(469,93,765,0,18,1066,0);
INSERT INTO smartphone VALUES(470,51,1845,1,61,1731,1);
INSERT INTO smartphone VALUES(471,79,752,1,48,3860,3);
INSERT INTO smartphone VALUES(472,60,1948,1,16,3630,3);
INSERT INTO smartphone VALUES(473,35,1077,1,45,1965,1);
INSERT INTO smartphone VALUES(474,120,932,0,60,1459,0);
INSERT INTO smartphone VALUES(475,44,1968,0,22,2323,2);
INSERT INTO smartphone VALUES(476,80,1122,0,2,3291,2);
INSERT INTO smartphone VALUES(477,40,1588,0,61,3272,3);
INSERT INTO smartphone VALUES(478,73,601,0,26,918,0);
INSERT INTO smartphone VALUES(479,45,1615,0,15,3488,3);
INSERT INTO smartphone VALUES(480,10,1589,1,58,3961,3);
INSERT INTO smartphone VALUES(481,110,1417,0,56,590,0);
INSERT INTO smartphone VALUES(482,80,1697,0,34,3701,3);
INSERT INTO smartphone VALUES(483,91,1330,1,3,463,0);
INSERT INTO smartphone VALUES(484,87,1476,0,43,3644,3);
INSERT INTO smartphone VALUES(485,86,1579,0,27,1713,1);
INSERT INTO smartphone VALUES(486,64,1277,0,41,429,0);
INSERT INTO smartphone VALUES(487,32,1089,1,2,2765,2);
INSERT INTO smartphone VALUES(488,27,1663,1,27,2084,2);
INSERT INTO smartphone VALUES(489,57,1949,0,20,1125,1);
INSERT INTO smartphone VALUES(490,118,1138,0,48,2048,2);
INSERT INTO smartphone VALUES(491,99,685,0,17,1223,0);
INSERT INTO smartphone VALUES(492,112,1889,0,31,3672,3);
INSERT INTO smartphone VALUES(493,83,857,1,17,3100,2);
INSERT INTO smartphone VALUES(494,31,1902,1,50,343,0);
INSERT INTO smartphone VALUES(495,39,1225,0,15,1970,1);
INSERT INTO smartphone VALUES(496,97,1066,0,39,2728,2);
INSERT INTO smartphone VALUES(497,102,1554,1,5,3635,3);
INSERT INTO smartphone VALUES(498,30,1337,0,31,2180,1);
INSERT INTO smartphone VALUES(499,74,1926,1,33,2488,2);
INSERT INTO smartphone VALUES(500,78,869,1,34,3864,3);
INSERT INTO smartphone VALUES(501,12,1278,1,54,1155,0);
INSERT INTO smartphone VALUES(502,30,1773,0,32,3566,3);
INSERT INTO smartphone VALUES(503,62,1661,1,6,864,1);
INSERT INTO smartphone VALUES(504,34,1438,0,32,869,0);
INSERT INTO smartphone VALUES(505,122,1661,0,29,591,0);
INSERT INTO smartphone VALUES(506,16,1846,0,19,1333,1);
INSERT INTO smartphone VALUES(507,84,1260,1,23,2208,2);
INSERT INTO smartphone VALUES(508,117,512,1,15,2610,2);
INSERT INTO smartphone VALUES(509,31,581,0,59,2819,2);
INSERT INTO smartphone VALUES(510,73,1872,0,44,1955,2);
INSERT INTO smartphone VALUES(511,81,687,0,50,3416,3);
INSERT INTO smartphone VALUES(512,79,1062,1,10,3803,3);
INSERT INTO smartphone VALUES(513,124,1678,1,7,574,0);
INSERT INTO smartphone VALUES(514,104,1417,0,45,2129,1);
INSERT INTO smartphone VALUES(515,4,1074,1,9,1948,1);
INSERT INTO smartphone VALUES(516,32,1832,0,2,2978,2);
INSERT INTO smartphone VALUES(517,75,1039,0,12,1619,1);
INSERT INTO smartphone VALUES(518,102,1059,0,61,3716,3);
INSERT INTO smartphone VALUES(519,121,1606,0,57,3454,3);
INSERT INTO smartphone VALUES(520,64,1928,0,19,3777,3);
INSERT INTO smartphone VALUES(521,26,1875,1,55,2712,3);
INSERT INTO smartphone VALUES(522,85,1128,0,46,1434,1);
INSERT INTO smartphone VALUES(523,91,1748,1,14,3968,3);
INSERT INTO smartphone VALUES(524,66,1413,1,51,3383,3);
INSERT INTO smartphone VALUES(525,90,825,1,23,3278,3);
INSERT INTO smartphone VALUES(526,48,1589,0,26,3970,3);
INSERT INTO smartphone VALUES(527,84,535,1,54,2674,2);
INSERT INTO smartphone VALUES(528,100,1780,0,27,2776,3);
INSERT INTO smartphone VALUES(529,84,1671,1,61,2336,2);
INSERT INTO smartphone VALUES(530,111,1821,0,12,2430,2);
INSERT INTO smartphone VALUES(531,106,1076,0,38,891,0);
INSERT INTO smartphone VALUES(532,38,532,1,8,728,0);
INSERT INTO smartphone VALUES(533,13,777,0,30,3886,3);
INSERT INTO smartphone VALUES(534,2,1217,0,17,1711,1);
INSERT INTO smartphone VALUES(535,94,1656,1,16,2856,2);
INSERT INTO smartphone VALUES(536,23,1185,0,31,2447,2);
INSERT INTO smartphone VALUES(537,114,577,0,37,814,0);
INSERT INTO smartphone VALUES(538,112,737,1,49,2951,2);
INSERT INTO smartphone VALUES(539,111,704,1,53,3653,2);
INSERT INTO smartphone VALUES(540,124,525,1,51,1891,1);
INSERT INTO smartphone VALUES(541,3,504,1,16,701,0);
INSERT INTO smartphone VALUES(542,66,793,1,38,3139,3);
INSERT INTO smartphone VALUES(543,16,569,1,39,2811,1);
INSERT INTO smartphone VALUES(544,98,1590,1,21,1701,1);
INSERT INTO smartphone VALUES(545,4,707,0,16,1853,1);
INSERT INTO smartphone VALUES(546,11,767,0,19,2445,1);
INSERT INTO smartphone VALUES(547,123,1350,1,50,2287,1);
INSERT INTO smartphone VALUES(548,35,1117,1,31,2003,2);
INSERT INTO smartphone VALUES(549,114,641,0,7,3595,2);
INSERT INTO smartphone VALUES(550,112,1002,1,35,1726,1);
INSERT INTO smartphone VALUES(551,63,1408,1,45,3952,3);
INSERT INTO smartphone VALUES(552,39,1900,1,41,850,1);
INSERT INTO smartphone VALUES(553,117,726,0,43,1446,0);
INSERT INTO smartphone VALUES(554,87,1544,0,45,1300,1);
INSERT INTO smartphone VALUES(555,49,1454,0,21,719,0);
INSERT INTO smartphone VALUES(556,44,1230,1,26,988,0);
INSERT INTO smartphone VALUES(557,94,1552,0,53,2606,2);
INSERT INTO smartphone VALUES(558,69,1519,0,32,2912,2);
INSERT INTO smartphone VALUES(559,97,723,0,30,2339,2);
INSERT INTO smartphone VALUES(560,30,1191,1,13,1028,0);
INSERT INTO smartphone VALUES(561,25,1168,0,61,3173,3);
INSERT INTO smartphone VALUES(562,16,1229,1,14,1667,1);
INSERT INTO smartphone VALUES(563,23,1758,0,13,1897,2);
INSERT INTO smartphone VALUES(564,68,1290,0,3,1214,1);
INSERT INTO smartphone VALUES(565,59,574,1,38,3269,2);
INSERT INTO smartphone VALUES(566,35,1271,0,32,445,0);
INSERT INTO smartphone VALUES(567,93,1170,0,30,1073,0);
INSERT INTO smartphone VALUES(568,114,1269,0,52,665,1);
INSERT INTO smartphone VALUES(569,88,1288,1,50,3129,3);
INSERT INTO smartphone VALUES(570,125,1366,1,34,3501,3);
INSERT INTO smartphone VALUES(571,20,1572,1,8,3461,3);
INSERT INTO smartphone VALUES(572,54,1627,1,32,3206,3);
INSERT INTO smartphone VALUES(573,49,1701,0,46,3717,3);
INSERT INTO smartphone VALUES(574,23,1900,1,55,3917,3);
INSERT INTO smartphone VALUES(575,62,1974,0,24,861,0);
INSERT INTO smartphone VALUES(576,88,1197,1,20,2885,2);
INSERT INTO smartphone VALUES(577,37,587,1,6,2777,2);
INSERT INTO smartphone VALUES(578,94,934,0,24,1017,0);
INSERT INTO smartphone VALUES(579,30,1195,1,23,980,0);
INSERT INTO smartphone VALUES(580,72,1853,0,23,2775,3);
INSERT INTO smartphone VALUES(581,23,1164,0,19,3309,3);
INSERT INTO smartphone VALUES(582,62,1512,0,18,3607,3);
INSERT INTO smartphone VALUES(583,99,1232,1,24,1257,0);
INSERT INTO smartphone VALUES(584,60,1813,1,5,759,0);
INSERT INTO smartphone VALUES(585,110,946,1,5,3720,3);
INSERT INTO smartphone VALUES(586,59,739,1,58,475,0);
INSERT INTO smartphone VALUES(587,3,704,0,29,1122,0);
INSERT INTO smartphone VALUES(588,52,1663,0,40,1336,1);
INSERT INTO smartphone VALUES(589,108,1966,1,40,1185,2);
INSERT INTO smartphone VALUES(590,48,1219,1,17,705,0);
INSERT INTO smartphone VALUES(591,25,612,0,35,3169,2);
INSERT INTO smartphone VALUES(592,4,1658,0,39,3483,3);
INSERT INTO smartphone VALUES(593,109,1263,0,64,1183,1);
INSERT INTO smartphone VALUES(594,48,1395,0,55,3373,3);
INSERT INTO smartphone VALUES(595,28,621,1,54,2801,2);
INSERT INTO smartphone VALUES(596,119,652,1,58,565,0);
INSERT INTO smartphone VALUES(597,104,1175,0,25,3153,2);
INSERT INTO smartphone VALUES(598,105,561,0,11,3421,2);
INSERT INTO smartphone VALUES(599,108,1137,0,3,316,0);
INSERT INTO smartphone VALUES(600,45,1835,0,11,448,0);
INSERT INTO smartphone VALUES(601,96,1170,1,40,2366,1);
INSERT INTO smartphone VALUES(602,18,1595,1,44,3881,3);
INSERT INTO smartphone VALUES(603,17,1719,0,12,462,0);
INSERT INTO smartphone VALUES(604,43,1770,1,7,1480,1);
INSERT INTO smartphone VALUES(605,119,1312,1,28,1087,1);
INSERT INTO smartphone VALUES(606,50,1878,1,56,2711,2);
INSERT INTO smartphone VALUES(607,25,1871,0,20,2144,2);
INSERT INTO smartphone VALUES(608,97,922,1,35,1165,0);
INSERT INTO smartphone VALUES(609,48,1975,0,16,2998,2);
INSERT INTO smartphone VALUES(610,106,1212,0,46,2249,2);
INSERT INTO smartphone VALUES(611,41,1430,0,56,752,0);
INSERT INTO smartphone VALUES(612,58,1958,1,4,1409,1);
INSERT INTO smartphone VALUES(613,17,1836,1,30,3072,3);
INSERT INTO smartphone VALUES(614,41,557,0,24,1305,0);
INSERT INTO smartphone VALUES(615,103,539,1,21,3597,2);
INSERT INTO smartphone VALUES(616,46,880,1,44,3132,2);
INSERT INTO smartphone VALUES(617,119,1369,1,34,3856,3);
INSERT INTO smartphone VALUES(618,55,1109,1,39,1524,1);
INSERT INTO smartphone VALUES(619,34,843,1,16,3673,3);
INSERT INTO smartphone VALUES(620,6,598,1,21,3293,2);
INSERT INTO smartphone VALUES(621,7,972,1,5,3035,2);
INSERT INTO smartphone VALUES(622,42,1944,0,36,584,1);
INSERT INTO smartphone VALUES(623,65,1225,1,2,2675,2);
INSERT INTO smartphone VALUES(624,25,644,1,30,2382,2);
INSERT INTO smartphone VALUES(625,14,1919,0,48,1391,1);
INSERT INTO smartphone VALUES(626,102,501,0,54,2346,1);
INSERT INTO smartphone VALUES(627,80,1620,1,30,606,0);
INSERT INTO smartphone VALUES(628,125,1227,1,34,1324,1);
INSERT INTO smartphone VALUES(629,102,1359,1,58,1076,0);
INSERT INTO smartphone VALUES(630,25,1914,0,35,643,1);
INSERT INTO smartphone VALUES(631,15,1645,0,21,783,0);
INSERT INTO smartphone VALUES(632,36,1063,0,26,3809,3);
INSERT INTO smartphone VALUES(633,77,946,0,19,2104,1);
INSERT INTO smartphone VALUES(634,4,1231,1,54,1762,1);
INSERT INTO smartphone VALUES(635,40,1397,1,9,3137,3);
INSERT INTO smartphone VALUES(636,2,701,0,15,1756,1);
INSERT INTO smartphone VALUES(637,98,570,1,9,3663,3);
INSERT INTO smartphone VALUES(638,85,1993,0,27,2437,2);
INSERT INTO smartphone VALUES(639,67,955,1,43,1432,1);
INSERT INTO smartphone VALUES(640,42,924,1,47,1620,1);
INSERT INTO smartphone VALUES(641,8,600,0,14,1655,0);
INSERT INTO smartphone VALUES(642,29,518,1,3,2832,2);
INSERT INTO smartphone VALUES(643,70,1063,0,31,961,0);
INSERT INTO smartphone VALUES(644,68,920,0,46,2608,2);
INSERT INTO smartphone VALUES(645,108,1715,0,3,514,0);
INSERT INTO smartphone VALUES(646,83,1841,1,14,2304,2);
INSERT INTO smartphone VALUES(647,42,543,1,60,933,0);
INSERT INTO smartphone VALUES(648,79,1762,1,25,1896,1);
INSERT INTO smartphone VALUES(649,20,1112,1,53,3655,3);
INSERT INTO smartphone VALUES(650,19,709,1,35,1973,1);
INSERT INTO smartphone VALUES(651,81,1315,0,64,3278,2);
INSERT INTO smartphone VALUES(652,90,1762,0,15,2183,2);
INSERT INTO smartphone VALUES(653,117,1462,1,25,824,0);
INSERT INTO smartphone VALUES(654,52,571,1,35,2598,1);
INSERT INTO smartphone VALUES(655,75,666,1,54,1254,0);
INSERT INTO smartphone VALUES(656,80,1994,1,7,3622,3);
INSERT INTO smartphone VALUES(657,40,1583,1,14,1704,2);
INSERT INTO smartphone VALUES(658,68,1778,1,45,1624,1);
INSERT INTO smartphone VALUES(659,21,1926,0,50,3809,3);
INSERT INTO smartphone VALUES(660,114,966,0,50,2574,2);
INSERT INTO smartphone VALUES(661,40,568,0,36,950,0);
INSERT INTO smartphone VALUES(662,50,1897,0,21,273,0);
INSERT INTO smartphone VALUES(663,119,1695,1,46,446,1);
INSERT INTO smartphone VALUES(664,31,1623,0,61,1510,2);
INSERT INTO smartphone VALUES(665,56,914,0,26,1122,0);
INSERT INTO smartphone VALUES(666,86,1721,1,33,707,0);
INSERT INTO smartphone VALUES(667,84,890,1,44,751,0);
INSERT INTO smartphone VALUES(668,109,600,0,48,3393,2);
INSERT INTO smartphone VALUES(669,36,1677,1,11,3771,3);
INSERT INTO smartphone VALUES(670,4,723,0,3,1851,1);
INSERT INTO smartphone VALUES(671,4,638,1,27,2735,2);
INSERT INTO smartphone VALUES(672,80,852,1,62,2253,1);
INSERT INTO smartphone VALUES(673,51,1979,1,32,452,0);
INSERT INTO smartphone VALUES(674,114,710,0,32,1419,0);
INSERT INTO smartphone VALUES(675,24,1034,1,45,969,0);
INSERT INTO smartphone VALUES(676,86,600,1,22,3441,2);
INSERT INTO smartphone VALUES(677,26,1027,0,64,3786,3);
INSERT INTO smartphone VALUES(678,38,1260,0,13,2710,2);
INSERT INTO smartphone VALUES(679,93,1793,1,12,3533,3);
INSERT INTO smartphone VALUES(680,31,675,0,60,1735,0);
INSERT INTO smartphone VALUES(681,45,658,0,12,3587,3);
INSERT INTO smartphone VALUES(682,93,1694,0,34,2298,2);
INSERT INTO smartphone VALUES(683,32,804,1,41,2027,1);
INSERT INTO smartphone VALUES(684,13,1713,1,27,2406,2);
INSERT INTO smartphone VALUES(685,92,706,0,31,2419,1);
INSERT INTO smartphone VALUES(686,18,1362,0,25,995,0);
INSERT INTO smartphone VALUES(687,7,1527,0,60,2078,2);
INSERT INTO smartphone VALUES(688,33,768,1,19,1145,0);
INSERT INTO smartphone VALUES(689,12,1314,1,41,626,0);
INSERT INTO smartphone VALUES(690,18,705,0,57,1509,1);
INSERT INTO smartphone VALUES(691,118,1403,0,26,3371,3);
INSERT INTO smartphone VALUES(692,99,1486,0,52,297,0);
INSERT INTO smartphone VALUES(693,7,781,0,38,3508,3);
INSERT INTO smartphone VALUES(694,1,986,0,23,2385,1);
INSERT INTO smartphone VALUES(695,39,1310,0,33,1301,1);
INSERT INTO smartphone VALUES(696,91,560,1,57,2167,1);
INSERT INTO smartphone VALUES(697,1,1348,0,43,3914,3);
INSERT INTO smartphone VALUES(698,2,1567,1,22,2312,2);
INSERT INTO smartphone VALUES(699,51,1940,1,17,2297,2);
INSERT INTO smartphone VALUES(700,81,1979,1,19,411,0);
INSERT INTO smartphone VALUES(701,38,561,1,2,665,0);
INSERT INTO smartphone VALUES(702,4,1717,0,62,3226,3);
INSERT INTO smartphone VALUES(703,13,535,0,48,740,0);
INSERT INTO smartphone VALUES(704,13,1413,1,39,3878,3);
INSERT INTO smartphone VALUES(705,25,1358,1,20,3406,3);
INSERT INTO smartphone VALUES(706,90,1519,0,30,2440,2);
INSERT INTO smartphone VALUES(707,106,1254,1,50,3959,3);
INSERT INTO smartphone VALUES(708,40,1591,0,49,3703,3);
INSERT INTO smartphone VALUES(709,59,977,1,35,3714,3);
INSERT INTO smartphone VALUES(710,83,1640,0,21,337,0);
INSERT INTO smartphone VALUES(711,43,663,1,25,3176,2);
INSERT INTO smartphone VALUES(712,103,1744,0,20,1205,1);
INSERT INTO smartphone VALUES(713,23,1624,1,28,2473,2);
INSERT INTO smartphone VALUES(714,72,1108,1,2,1229,0);
INSERT INTO smartphone VALUES(715,92,1188,1,9,2896,3);
INSERT INTO smartphone VALUES(716,48,817,0,11,2039,1);
INSERT INTO smartphone VALUES(717,62,863,1,6,520,0);
INSERT INTO smartphone VALUES(718,95,1397,1,3,1378,1);
INSERT INTO smartphone VALUES(719,7,1108,0,49,3254,3);
INSERT INTO smartphone VALUES(720,44,1068,1,37,1803,1);
INSERT INTO smartphone VALUES(721,102,1702,0,52,2501,3);
INSERT INTO smartphone VALUES(722,52,808,1,8,3762,3);
INSERT INTO smartphone VALUES(723,122,1156,0,61,1796,1);
INSERT INTO smartphone VALUES(724,125,1271,1,54,990,0);
INSERT INTO smartphone VALUES(725,47,696,0,51,2630,1);
INSERT INTO smartphone VALUES(726,53,1981,1,45,1380,1);
INSERT INTO smartphone VALUES(727,119,614,1,58,3487,2);
INSERT INTO smartphone VALUES(728,73,1590,1,7,1201,1);
INSERT INTO smartphone VALUES(729,75,1945,0,21,3015,3);
INSERT INTO smartphone VALUES(730,72,1135,1,43,3204,3);
INSERT INTO smartphone VALUES(731,21,1049,1,2,433,0);
INSERT INTO smartphone VALUES(732,110,1807,0,49,1906,2);
INSERT INTO smartphone VALUES(733,59,984,0,42,898,0);
INSERT INTO smartphone VALUES(734,25,720,1,61,2799,3);
INSERT INTO smartphone VALUES(735,111,1536,0,13,2020,2);
INSERT INTO smartphone VALUES(736,95,771,0,25,770,0);
INSERT INTO smartphone VALUES(737,72,503,0,57,305,0);
INSERT INTO smartphone VALUES(738,17,675,0,42,2953,2);
INSERT INTO smartphone VALUES(739,17,1936,1,34,1671,1);
INSERT INTO smartphone VALUES(740,113,1303,1,15,2574,2);
INSERT INTO smartphone VALUES(741,38,1004,1,35,3772,3);
INSERT INTO smartphone VALUES(742,29,1972,1,37,2870,3);
INSERT INTO smartphone VALUES(743,92,1822,0,8,2577,2);
INSERT INTO smartphone VALUES(744,17,1159,0,18,2246,1);
INSERT INTO smartphone VALUES(745,30,1782,1,58,2405,2);
INSERT INTO smartphone VALUES(746,25,894,1,16,3377,2);
INSERT INTO smartphone VALUES(747,64,1884,1,43,3619,3);
INSERT INTO smartphone VALUES(748,105,1648,0,17,1184,1);
INSERT INTO smartphone VALUES(749,75,798,0,4,2965,2);
INSERT INTO smartphone VALUES(750,84,802,1,45,3713,3);
INSERT INTO smartphone VALUES(751,32,1276,1,53,3798,3);
INSERT INTO smartphone VALUES(752,18,1331,0,16,1026,1);
INSERT INTO smartphone VALUES(753,43,1620,1,5,1086,1);
INSERT INTO smartphone VALUES(754,40,1996,0,51,2236,2);
INSERT INTO smartphone VALUES(755,121,1092,1,45,1303,1);
INSERT INTO smartphone VALUES(756,101,1018,1,63,3048,2);
INSERT INTO smartphone VALUES(757,38,545,0,11,616,0);
INSERT INTO smartphone VALUES(758,45,554,0,12,3764,2);
INSERT INTO smartphone VALUES(759,124,1264,1,34,419,0);
INSERT INTO smartphone VALUES(760,88,1030,1,58,2858,3);
INSERT INTO smartphone VALUES(761,63,1432,1,39,504,0);
INSERT INTO smartphone VALUES(762,84,558,0,49,392,0);
INSERT INTO smartphone VALUES(763,36,829,0,56,820,0);
INSERT INTO smartphone VALUES(764,69,1741,0,14,3387,3);
INSERT INTO smartphone VALUES(765,105,1849,0,15,3447,3);
INSERT INTO smartphone VALUES(766,66,733,0,7,1403,0);
INSERT INTO smartphone VALUES(767,50,1872,1,16,2295,2);
INSERT INTO smartphone VALUES(768,125,1853,1,27,1973,2);
INSERT INTO smartphone VALUES(769,113,1149,0,30,3755,3);
INSERT INTO smartphone VALUES(770,57,891,1,25,2073,1);
INSERT INTO smartphone VALUES(771,74,1911,0,64,3872,3);
INSERT INTO smartphone VALUES(772,92,550,0,23,302,0);
INSERT INTO smartphone VALUES(773,115,576,0,27,1519,1);
INSERT INTO smartphone VALUES(774,22,1760,0,50,2549,2);
INSERT INTO smartphone VALUES(775,67,969,0,45,404,0);
INSERT INTO smartphone VALUES(776,113,1160,0,63,595,0);
INSERT INTO smartphone VALUES(777,72,827,1,18,1663,0);
INSERT INTO smartphone VALUES(778,63,1786,0,58,2764,3);
INSERT INTO smartphone VALUES(779,33,774,1,8,2614,2);
INSERT INTO smartphone VALUES(780,84,819,1,11,1094,0);
INSERT INTO smartphone VALUES(781,61,1042,0,11,2826,2);
INSERT INTO smartphone VALUES(782,26,1368,1,50,2496,2);
INSERT INTO smartphone VALUES(783,13,1592,0,50,2103,1);
INSERT INTO smartphone VALUES(784,85,1067,1,14,966,0);
INSERT INTO smartphone VALUES(785,11,1892,0,47,2172,2);
INSERT INTO smartphone VALUES(786,35,915,0,56,905,0);
INSERT INTO smartphone VALUES(787,40,774,0,55,3916,3);
INSERT INTO smartphone VALUES(788,32,1848,1,42,3902,3);
INSERT INTO smartphone VALUES(789,102,1501,0,2,2487,2);
INSERT INTO smartphone VALUES(790,82,1614,0,55,3914,3);
INSERT INTO smartphone VALUES(791,95,911,0,46,363,0);
INSERT INTO smartphone VALUES(792,113,1520,0,24,3233,3);
INSERT INTO smartphone VALUES(793,60,1647,1,38,2532,2);
INSERT INTO smartphone VALUES(794,83,1347,1,53,3836,3);
INSERT INTO smartphone VALUES(795,54,967,0,25,3076,2);
INSERT INTO smartphone VALUES(796,9,1442,0,56,1513,2);
INSERT INTO smartphone VALUES(797,92,1204,0,10,1724,1);
INSERT INTO smartphone VALUES(798,48,1320,1,41,542,0);
INSERT INTO smartphone VALUES(799,111,1800,0,8,3481,3);
INSERT INTO smartphone VALUES(800,71,1567,1,22,3991,3);
INSERT INTO smartphone VALUES(801,115,1439,0,20,1790,1);
INSERT INTO smartphone VALUES(802,11,1422,0,3,509,0);
INSERT INTO smartphone VALUES(803,103,1591,1,52,282,0);
INSERT INTO smartphone VALUES(804,112,880,0,6,3006,2);
INSERT INTO smartphone VALUES(805,58,1929,1,19,1913,1);
INSERT INTO smartphone VALUES(806,30,1642,1,5,1333,2);
INSERT INTO smartphone VALUES(807,35,1511,1,21,3746,3);
INSERT INTO smartphone VALUES(808,105,1312,0,10,3941,3);
INSERT INTO smartphone VALUES(809,48,1852,0,10,3970,3);
INSERT INTO smartphone VALUES(810,20,972,0,44,3925,3);
INSERT INTO smartphone VALUES(811,77,691,1,33,424,0);
INSERT INTO smartphone VALUES(812,5,807,0,8,1284,0);
INSERT INTO smartphone VALUES(813,80,1113,1,25,277,0);
INSERT INTO smartphone VALUES(814,67,721,1,16,1713,1);
INSERT INTO smartphone VALUES(815,39,1188,1,54,485,0);
INSERT INTO smartphone VALUES(816,117,1512,0,52,3002,2);
INSERT INTO smartphone VALUES(817,28,805,0,64,418,0);
INSERT INTO smartphone VALUES(818,81,918,1,8,1652,1);
INSERT INTO smartphone VALUES(819,56,1320,1,48,2893,2);
INSERT INTO smartphone VALUES(820,39,1236,1,57,1406,0);
INSERT INTO smartphone VALUES(821,53,1387,0,61,629,0);
INSERT INTO smartphone VALUES(822,36,1883,1,30,3724,3);
INSERT INTO smartphone VALUES(823,101,839,1,14,3835,3);
INSERT INTO smartphone VALUES(824,14,1593,0,52,1354,1);
INSERT INTO smartphone VALUES(825,79,1722,0,25,2376,3);
INSERT INTO smartphone VALUES(826,59,1954,1,7,3438,3);
INSERT INTO smartphone VALUES(827,57,1788,1,2,2655,2);
INSERT INTO smartphone VALUES(828,59,1628,0,33,3361,3);
INSERT INTO smartphone VALUES(829,107,1965,0,4,3535,3);
INSERT INTO smartphone VALUES(830,70,833,0,27,2150,1);
INSERT INTO smartphone VALUES(831,60,571,0,43,2587,1);
INSERT INTO smartphone VALUES(832,94,1808,1,31,2736,3);
INSERT INTO smartphone VALUES(833,20,1860,1,55,676,0);
INSERT INTO smartphone VALUES(834,32,1368,1,9,2941,3);
INSERT INTO smartphone VALUES(835,115,1161,1,21,3336,3);
INSERT INTO smartphone VALUES(836,71,1224,0,33,3796,3);
INSERT INTO smartphone VALUES(837,93,902,1,63,3654,3);
INSERT INTO smartphone VALUES(838,117,787,0,11,2934,2);
INSERT INTO smartphone VALUES(839,78,854,0,30,2889,2);
INSERT INTO smartphone VALUES(840,118,1184,1,48,3315,3);
INSERT INTO smartphone VALUES(841,119,1973,1,39,1993,2);
INSERT INTO smartphone VALUES(842,41,510,1,35,2509,1);
INSERT INTO smartphone VALUES(843,17,966,0,34,3534,3);
INSERT INTO smartphone VALUES(844,56,1438,0,16,2246,2);
INSERT INTO smartphone VALUES(845,102,1986,0,51,3165,3);
INSERT INTO smartphone VALUES(846,112,1907,0,55,286,0);
INSERT INTO smartphone VALUES(847,79,1489,1,32,776,0);
INSERT INTO smartphone VALUES(848,18,1843,1,16,3213,3);
INSERT INTO smartphone VALUES(849,35,825,0,38,716,0);
INSERT INTO smartphone VALUES(850,55,1286,0,16,424,0);
INSERT INTO smartphone VALUES(851,34,840,0,63,3486,3);
INSERT INTO smartphone VALUES(852,29,757,1,58,3237,2);
INSERT INTO smartphone VALUES(853,118,814,1,41,1944,1);
INSERT INTO smartphone VALUES(854,78,1195,1,8,643,0);
INSERT INTO smartphone VALUES(855,34,767,0,10,2317,2);
INSERT INTO smartphone VALUES(856,98,1068,0,52,1436,1);
INSERT INTO smartphone VALUES(857,60,994,1,56,3190,2);
INSERT INTO smartphone VALUES(858,56,1550,0,21,2338,2);
INSERT INTO smartphone VALUES(859,55,1878,0,29,1334,1);
INSERT INTO smartphone VALUES(860,103,623,0,6,3657,2);
INSERT INTO smartphone VALUES(861,81,1829,0,15,2080,2);
INSERT INTO smartphone VALUES(862,76,525,1,35,1609,0);
INSERT INTO smartphone VALUES(863,4,1065,0,14,3078,2);
INSERT INTO smartphone VALUES(864,110,1425,0,35,590,0);
INSERT INTO smartphone VALUES(865,68,1296,1,11,2552,2);
INSERT INTO smartphone VALUES(866,98,642,0,34,3355,2);
INSERT INTO smartphone VALUES(867,13,1664,1,15,1968,2);
INSERT INTO smartphone VALUES(868,64,1498,0,8,3358,3);
INSERT INTO smartphone VALUES(869,14,981,1,2,1539,0);
INSERT INTO smartphone VALUES(870,113,1236,0,32,942,0);
INSERT INTO smartphone VALUES(871,103,1673,1,9,3669,3);
INSERT INTO smartphone VALUES(872,4,712,0,9,3612,3);
INSERT INTO smartphone VALUES(873,109,569,1,4,2351,1);
INSERT INTO smartphone VALUES(874,69,603,1,64,604,0);
INSERT INTO smartphone VALUES(875,67,1332,1,11,1285,1);
INSERT INTO smartphone VALUES(876,29,1413,0,13,515,0);
INSERT INTO smartphone VALUES(877,68,1064,1,34,654,0);
INSERT INTO smartphone VALUES(878,6,1444,0,48,2540,3);
INSERT INTO smartphone VALUES(879,103,1366,1,53,3869,3);
INSERT INTO smartphone VALUES(880,52,906,1,18,3412,3);
INSERT INTO smartphone VALUES(881,103,1554,1,47,509,0);
INSERT INTO smartphone VALUES(882,44,1187,0,21,2547,2);
INSERT INTO smartphone VALUES(883,6,1156,1,30,2735,2);
INSERT INTO smartphone VALUES(884,28,1918,0,22,1369,1);
INSERT INTO smartphone VALUES(885,71,841,1,39,2942,2);
INSERT INTO smartphone VALUES(886,124,730,1,6,2812,2);
INSERT INTO smartphone VALUES(887,51,878,0,31,3497,2);
INSERT INTO smartphone VALUES(888,70,1059,1,50,619,0);
INSERT INTO smartphone VALUES(889,36,1578,0,3,3483,3);
INSERT INTO smartphone VALUES(890,46,1829,0,36,1475,1);
INSERT INTO smartphone VALUES(891,12,1132,0,8,1950,1);
INSERT INTO smartphone VALUES(892,123,1652,1,40,3592,3);
INSERT INTO smartphone VALUES(893,112,912,1,58,3573,3);
INSERT INTO smartphone VALUES(894,55,1181,0,61,2020,1);
INSERT INTO smartphone VALUES(895,35,1497,0,32,1329,2);
INSERT INTO smartphone VALUES(896,6,1790,1,49,3568,3);
INSERT INTO smartphone VALUES(897,40,1742,0,49,1947,2);
INSERT INTO smartphone VALUES(898,35,1549,0,8,1998,2);
INSERT INTO smartphone VALUES(899,80,1372,0,34,725,0);
INSERT INTO smartphone VALUES(900,104,1112,0,12,3302,3);
INSERT INTO smartphone VALUES(901,81,1005,0,46,3884,3);
INSERT INTO smartphone VALUES(902,72,783,1,27,1185,0);
INSERT INTO smartphone VALUES(903,43,1698,0,26,1656,2);
INSERT INTO smartphone VALUES(904,68,899,0,53,2870,2);
INSERT INTO smartphone VALUES(905,59,1062,0,45,911,0);
INSERT INTO smartphone VALUES(906,117,989,0,17,3892,3);
INSERT INTO smartphone VALUES(907,21,1983,1,27,3897,3);
INSERT INTO smartphone VALUES(908,59,1800,0,53,656,0);
INSERT INTO smartphone VALUES(909,106,1254,0,45,606,1);
INSERT INTO smartphone VALUES(910,2,868,0,30,1653,1);
INSERT INTO smartphone VALUES(911,118,1205,1,12,860,0);
INSERT INTO smartphone VALUES(912,74,1284,1,10,2197,1);
INSERT INTO smartphone VALUES(913,67,626,1,23,3458,2);
INSERT INTO smartphone VALUES(914,123,1763,1,53,2066,1);
INSERT INTO smartphone VALUES(915,44,694,1,36,3676,3);
INSERT INTO smartphone VALUES(916,37,1265,1,49,1518,1);
INSERT INTO smartphone VALUES(917,15,816,0,14,1018,0);
INSERT INTO smartphone VALUES(918,51,904,0,35,1360,0);
INSERT INTO smartphone VALUES(919,53,979,1,5,3449,3);
INSERT INTO smartphone VALUES(920,22,1531,0,60,2524,2);
INSERT INTO smartphone VALUES(921,81,934,1,30,703,0);
INSERT INTO smartphone VALUES(922,101,1624,1,58,1251,1);
INSERT INTO smartphone VALUES(923,42,874,0,8,582,0);
INSERT INTO smartphone VALUES(924,60,1027,0,63,1732,1);
INSERT INTO smartphone VALUES(925,77,1966,1,48,1252,2);
INSERT INTO smartphone VALUES(926,20,1048,0,29,2146,1);
INSERT INTO smartphone VALUES(927,27,1496,1,38,1927,1);
INSERT INTO smartphone VALUES(928,14,959,0,13,3328,2);
INSERT INTO smartphone VALUES(929,20,1349,1,55,2462,2);
INSERT INTO smartphone VALUES(930,60,1689,1,13,1172,0);
INSERT INTO smartphone VALUES(931,1,1558,0,27,3598,3);
INSERT INTO smartphone VALUES(932,123,582,1,27,2437,2);
INSERT INTO smartphone VALUES(933,75,1485,0,44,3271,3);
INSERT INTO smartphone VALUES(934,10,1991,0,9,1511,1);
INSERT INTO smartphone VALUES(935,110,553,1,23,2981,2);
INSERT INTO smartphone VALUES(936,71,1231,1,7,3119,3);
INSERT INTO smartphone VALUES(937,71,805,0,34,3647,3);
INSERT INTO smartphone VALUES(938,78,764,1,13,3148,2);
INSERT INTO smartphone VALUES(939,88,894,0,54,2829,2);
INSERT INTO smartphone VALUES(940,122,1589,0,46,2373,2);
INSERT INTO smartphone VALUES(941,31,1456,1,39,3998,3);
INSERT INTO smartphone VALUES(942,2,743,1,33,316,0);
INSERT INTO smartphone VALUES(943,102,1061,0,52,999,0);
INSERT INTO smartphone VALUES(944,40,1428,0,7,1808,1);
INSERT INTO smartphone VALUES(945,57,674,1,8,589,0);
INSERT INTO smartphone VALUES(946,43,832,0,46,3317,3);
INSERT INTO smartphone VALUES(947,49,1625,1,50,670,0);
INSERT INTO smartphone VALUES(948,51,907,1,42,584,0);
INSERT INTO smartphone VALUES(949,83,1631,0,13,2173,2);
INSERT INTO smartphone VALUES(950,80,1584,0,41,1561,1);
INSERT INTO smartphone VALUES(951,65,1382,0,13,2073,1);
INSERT INTO smartphone VALUES(952,80,633,0,46,1401,1);
INSERT INTO smartphone VALUES(953,40,1444,0,38,3764,3);
INSERT INTO smartphone VALUES(954,77,852,1,54,1275,0);
INSERT INTO smartphone VALUES(955,14,922,0,47,1464,1);
INSERT INTO smartphone VALUES(956,95,1745,1,57,2885,3);
INSERT INTO smartphone VALUES(957,17,862,0,6,3458,3);
INSERT INTO smartphone VALUES(958,18,1754,1,52,3019,3);
INSERT INTO smartphone VALUES(959,86,1008,0,36,1083,1);
INSERT INTO smartphone VALUES(960,111,1569,1,33,3538,3);
INSERT INTO smartphone VALUES(961,74,1596,1,7,2493,2);
INSERT INTO smartphone VALUES(962,105,1807,1,61,3726,3);
INSERT INTO smartphone VALUES(963,34,1660,1,7,1531,1);
INSERT INTO smartphone VALUES(964,5,1861,0,55,601,1);
INSERT INTO smartphone VALUES(965,2,648,1,8,2991,2);
INSERT INTO smartphone VALUES(966,47,1379,1,19,3912,3);
INSERT INTO smartphone VALUES(967,61,1910,0,34,309,0);
INSERT INTO smartphone VALUES(968,17,1807,1,13,323,0);
INSERT INTO smartphone VALUES(969,45,1923,1,46,1489,1);
INSERT INTO smartphone VALUES(970,53,1345,0,38,1322,1);
INSERT INTO smartphone VALUES(971,19,904,1,14,1846,1);
INSERT INTO smartphone VALUES(972,84,1239,1,52,417,0);
INSERT INTO smartphone VALUES(973,121,1330,0,52,3269,3);
INSERT INTO smartphone VALUES(974,83,516,1,30,3731,2);
INSERT INTO smartphone VALUES(975,98,672,1,54,667,0);
INSERT INTO smartphone VALUES(976,56,892,0,47,1241,1);
INSERT INTO smartphone VALUES(977,61,1778,0,23,3941,3);
INSERT INTO smartphone VALUES(978,73,1130,0,58,1018,0);
INSERT INTO smartphone VALUES(979,67,1359,0,59,3142,3);
INSERT INTO smartphone VALUES(980,110,1866,1,47,1444,1);
INSERT INTO smartphone VALUES(981,32,1597,0,34,934,0);
INSERT INTO smartphone VALUES(982,56,1046,1,58,3863,3);
INSERT INTO smartphone VALUES(983,27,1035,1,44,3506,3);
INSERT INTO smartphone VALUES(984,80,1175,0,19,1944,1);
INSERT INTO smartphone VALUES(985,32,1261,1,11,348,0);
INSERT INTO smartphone VALUES(986,100,1068,1,51,550,0);
INSERT INTO smartphone VALUES(987,64,1713,1,20,971,0);
INSERT INTO smartphone VALUES(988,77,1688,0,21,3984,3);
INSERT INTO smartphone VALUES(989,57,1413,1,45,2973,3);
INSERT INTO smartphone VALUES(990,49,559,0,11,2019,1);
INSERT INTO smartphone VALUES(991,37,1483,1,19,1587,1);
INSERT INTO smartphone VALUES(992,78,860,1,48,1870,1);
INSERT INTO smartphone VALUES(993,76,1090,1,27,1352,1);
INSERT INTO smartphone VALUES(994,57,686,0,3,570,0);
INSERT INTO smartphone VALUES(995,99,818,0,43,546,0);
INSERT INTO smartphone VALUES(996,24,1456,1,49,3624,3);
INSERT INTO smartphone VALUES(997,91,774,1,10,2944,2);
INSERT INTO smartphone VALUES(998,84,1068,1,19,1209,0);
INSERT INTO smartphone VALUES(999,5,1373,1,29,2752,3);
INSERT INTO smartphone VALUES(1000,94,1777,0,20,3868,3);
INSERT INTO smartphone VALUES(1001,84,594,0,28,3087,2);
INSERT INTO smartphone VALUES(1002,95,1524,1,57,947,0);
INSERT INTO smartphone VALUES(1003,4,511,1,50,1484,0);
INSERT INTO smartphone VALUES(1004,17,1402,1,46,347,0);
INSERT INTO smartphone VALUES(1005,56,965,0,53,3227,2);
INSERT INTO smartphone VALUES(1006,61,1270,0,58,3299,3);
INSERT INTO smartphone VALUES(1007,93,919,1,13,1028,0);
INSERT INTO smartphone VALUES(1008,75,1963,0,34,714,1);
INSERT INTO smartphone VALUES(1009,26,1977,1,31,2641,3);
INSERT INTO smartphone VALUES(1010,1,1881,0,51,1229,1);
INSERT INTO smartphone VALUES(1011,10,683,0,19,2622,2);
INSERT INTO smartphone VALUES(1012,120,772,1,6,929,0);
INSERT INTO smartphone VALUES(1013,1,536,0,53,1211,0);
INSERT INTO smartphone VALUES(1014,17,1694,0,53,1653,2);
INSERT INTO smartphone VALUES(1015,116,1633,1,33,511,0);
INSERT INTO smartphone VALUES(1016,26,1371,0,52,3034,2);
INSERT INTO smartphone VALUES(1017,3,551,0,54,1414,0);
INSERT INTO smartphone VALUES(1018,66,1221,0,28,2438,3);
INSERT INTO smartphone VALUES(1019,15,1000,0,63,3744,3);
INSERT INTO smartphone VALUES(1020,107,1986,1,64,1377,1);
INSERT INTO smartphone VALUES(1021,111,1119,1,23,3520,3);
INSERT INTO smartphone VALUES(1022,13,1699,1,59,3796,3);
INSERT INTO smartphone VALUES(1023,66,1099,0,61,1699,1);
INSERT INTO smartphone VALUES(1024,98,1576,0,58,336,0);
INSERT INTO smartphone VALUES(1025,74,950,0,55,1095,0);
INSERT INTO smartphone VALUES(1026,17,1081,1,49,325,0);
INSERT INTO smartphone VALUES(1027,9,606,0,53,1223,0);
INSERT INTO smartphone VALUES(1028,63,502,1,37,1649,1);
INSERT INTO smartphone VALUES(1029,57,957,0,4,1898,1);
INSERT INTO smartphone VALUES(1030,6,1658,1,38,2609,2);
INSERT INTO smartphone VALUES(1031,116,1681,1,18,2265,2);
INSERT INTO smartphone VALUES(1032,27,1983,1,43,2775,2);
INSERT INTO smartphone VALUES(1033,52,1753,0,12,1445,1);
INSERT INTO smartphone VALUES(1034,111,1632,0,41,2614,2);
INSERT INTO smartphone VALUES(1035,110,1949,0,57,356,0);
INSERT INTO smartphone VALUES(1036,53,1696,0,13,523,0);
INSERT INTO smartphone VALUES(1037,10,688,1,57,3745,3);
INSERT INTO smartphone VALUES(1038,72,1104,0,60,1229,0);
INSERT INTO smartphone VALUES(1039,44,1122,0,28,1402,1);
INSERT INTO smartphone VALUES(1040,4,504,1,46,2085,1);
INSERT INTO smartphone VALUES(1041,103,1154,0,14,587,0);
INSERT INTO smartphone VALUES(1042,36,1727,0,63,2457,3);
INSERT INTO smartphone VALUES(1043,39,1674,1,52,2030,2);
INSERT INTO smartphone VALUES(1044,98,1948,1,18,816,0);
INSERT INTO smartphone VALUES(1045,48,1218,1,39,1667,1);
INSERT INTO smartphone VALUES(1046,38,531,0,63,2958,2);
INSERT INTO smartphone VALUES(1047,93,1057,0,5,3705,3);
INSERT INTO smartphone VALUES(1048,82,576,0,30,2800,2);
INSERT INTO smartphone VALUES(1049,36,1960,0,7,3773,3);
INSERT INTO smartphone VALUES(1050,56,673,1,22,2050,1);
INSERT INTO smartphone VALUES(1051,74,718,1,21,1754,1);
INSERT INTO smartphone VALUES(1052,40,864,0,35,1904,1);
INSERT INTO smartphone VALUES(1053,110,547,1,37,2705,1);
INSERT INTO smartphone VALUES(1054,66,623,0,3,3537,3);
INSERT INTO smartphone VALUES(1055,13,1793,1,27,1370,1);
INSERT INTO smartphone VALUES(1056,119,1720,1,19,1222,1);
INSERT INTO smartphone VALUES(1057,52,812,1,64,3102,2);
INSERT INTO smartphone VALUES(1058,101,980,0,33,2268,2);
INSERT INTO smartphone VALUES(1059,122,643,0,18,2648,1);
INSERT INTO smartphone VALUES(1060,117,1925,1,16,2173,2);
INSERT INTO smartphone VALUES(1061,36,1408,0,32,3162,3);
INSERT INTO smartphone VALUES(1062,48,1522,1,28,1368,1);
INSERT INTO smartphone VALUES(1063,122,587,0,51,2746,2);
INSERT INTO smartphone VALUES(1064,77,1959,1,18,619,0);
INSERT INTO smartphone VALUES(1065,32,1872,1,17,724,1);
INSERT INTO smartphone VALUES(1066,32,1043,0,42,912,0);
INSERT INTO smartphone VALUES(1067,117,1809,0,23,2784,3);
INSERT INTO smartphone VALUES(1068,21,1703,0,23,793,0);
INSERT INTO smartphone VALUES(1069,20,1095,0,45,560,0);
INSERT INTO smartphone VALUES(1070,73,1414,0,27,312,0);
INSERT INTO smartphone VALUES(1071,71,1659,0,41,545,0);
INSERT INTO smartphone VALUES(1072,93,1540,1,60,1591,1);
INSERT INTO smartphone VALUES(1073,61,1342,0,31,2746,3);
INSERT INTO smartphone VALUES(1074,122,1189,0,8,893,0);
INSERT INTO smartphone VALUES(1075,92,518,0,62,2514,1);
INSERT INTO smartphone VALUES(1076,56,1449,1,10,1032,1);
INSERT INTO smartphone VALUES(1077,93,516,1,39,819,0);
INSERT INTO smartphone VALUES(1078,112,1569,1,59,3672,3);
INSERT INTO smartphone VALUES(1079,66,1312,1,24,3833,3);
INSERT INTO smartphone VALUES(1080,87,1893,1,23,1482,2);
INSERT INTO smartphone VALUES(1081,88,1076,0,14,2043,1);
INSERT INTO smartphone VALUES(1082,33,530,0,40,1229,0);
INSERT INTO smartphone VALUES(1083,64,1044,1,33,1816,1);
INSERT INTO smartphone VALUES(1084,124,1330,0,37,2166,2);
INSERT INTO smartphone VALUES(1085,20,1836,1,14,2469,2);
INSERT INTO smartphone VALUES(1086,2,1741,0,55,2575,2);
INSERT INTO smartphone VALUES(1087,79,1869,0,30,1375,1);
INSERT INTO smartphone VALUES(1088,15,1331,0,55,1732,1);
INSERT INTO smartphone VALUES(1089,110,1655,1,4,673,0);
INSERT INTO smartphone VALUES(1090,12,605,0,18,2301,1);
INSERT INTO smartphone VALUES(1091,10,1245,0,30,2676,2);
INSERT INTO smartphone VALUES(1092,74,1709,0,58,1781,2);
INSERT INTO smartphone VALUES(1093,40,846,0,58,2248,2);
INSERT INTO smartphone VALUES(1094,62,1403,1,62,921,0);
INSERT INTO smartphone VALUES(1095,83,688,0,2,391,0);
INSERT INTO smartphone VALUES(1096,82,775,1,10,1719,1);
INSERT INTO smartphone VALUES(1097,74,1154,0,35,3262,3);
INSERT INTO smartphone VALUES(1098,31,1375,1,35,1947,1);
INSERT INTO smartphone VALUES(1099,19,1827,0,61,2693,3);
INSERT INTO smartphone VALUES(1100,107,1697,0,60,441,0);
INSERT INTO smartphone VALUES(1101,20,741,0,14,1886,0);
INSERT INTO smartphone VALUES(1102,115,1672,1,32,1267,1);
INSERT INTO smartphone VALUES(1103,44,514,0,57,687,0);
INSERT INTO smartphone VALUES(1104,101,1375,1,12,2890,3);
INSERT INTO smartphone VALUES(1105,98,989,1,55,1737,1);
INSERT INTO smartphone VALUES(1106,32,1510,1,47,887,0);
INSERT INTO smartphone VALUES(1107,86,1266,0,18,398,0);
INSERT INTO smartphone VALUES(1108,56,1396,1,46,2389,2);
INSERT INTO smartphone VALUES(1109,19,808,0,45,3431,3);
INSERT INTO smartphone VALUES(1110,57,1542,0,43,3601,3);
INSERT INTO smartphone VALUES(1111,27,745,1,35,2459,1);
INSERT INTO smartphone VALUES(1112,112,1735,1,59,3230,3);
INSERT INTO smartphone VALUES(1113,122,586,1,57,3646,3);
INSERT INTO smartphone VALUES(1114,64,1341,1,36,2200,1);
INSERT INTO smartphone VALUES(1115,62,781,1,64,3862,3);
INSERT INTO smartphone VALUES(1116,63,501,1,22,3077,2);
INSERT INTO smartphone VALUES(1117,8,1224,1,44,621,0);
INSERT INTO smartphone VALUES(1118,50,1970,1,58,2372,2);
INSERT INTO smartphone VALUES(1119,58,618,1,63,2574,2);
INSERT INTO smartphone VALUES(1120,14,1537,0,46,2857,3);
INSERT INTO smartphone VALUES(1121,38,1018,0,16,3143,3);
INSERT INTO smartphone VALUES(1122,27,1545,1,35,3197,3);
INSERT INTO smartphone VALUES(1123,46,1871,0,41,2727,3);
INSERT INTO smartphone VALUES(1124,30,1729,1,12,1519,1);
INSERT INTO smartphone VALUES(1125,73,680,1,9,2438,2);
INSERT INTO smartphone VALUES(1126,68,1106,0,54,2674,2);
INSERT INTO smartphone VALUES(1127,64,635,1,50,2107,1);
INSERT INTO smartphone VALUES(1128,24,618,0,16,2262,2);
INSERT INTO smartphone VALUES(1129,96,1671,1,5,815,0);
INSERT INTO smartphone VALUES(1130,9,1562,1,52,2829,2);
INSERT INTO smartphone VALUES(1131,47,1975,1,31,3022,3);
INSERT INTO smartphone VALUES(1132,52,831,0,62,2573,2);
INSERT INTO smartphone VALUES(1133,26,1524,1,10,2678,2);
INSERT INTO smartphone VALUES(1134,29,1528,1,55,1282,1);
INSERT INTO smartphone VALUES(1135,92,1447,1,9,568,0);
INSERT INTO smartphone VALUES(1136,2,1344,0,14,2074,1);
INSERT INTO smartphone VALUES(1137,65,564,1,8,2227,1);
INSERT INTO smartphone VALUES(1138,114,921,1,60,1080,0);
INSERT INTO smartphone VALUES(1139,3,1413,0,10,2867,2);
INSERT INTO smartphone VALUES(1140,32,831,0,55,1075,0);
INSERT INTO smartphone VALUES(1141,52,802,1,43,3063,2);
INSERT INTO smartphone VALUES(1142,81,1923,0,24,2479,2);
INSERT INTO smartphone VALUES(1143,47,1193,0,56,2394,2);
INSERT INTO smartphone VALUES(1144,41,904,1,31,2814,2);
INSERT INTO smartphone VALUES(1145,24,1285,0,51,2094,1);
INSERT INTO smartphone VALUES(1146,78,1635,1,2,2315,2);
INSERT INTO smartphone VALUES(1147,62,1923,1,14,2519,2);
INSERT INTO smartphone VALUES(1148,101,1851,1,12,735,0);
INSERT INTO smartphone VALUES(1149,22,727,0,32,1891,1);
INSERT INTO smartphone VALUES(1150,71,1396,1,44,1386,1);
INSERT INTO smartphone VALUES(1151,105,877,1,46,3260,2);
INSERT INTO smartphone VALUES(1152,47,696,0,35,2022,1);
INSERT INTO smartphone VALUES(1153,59,1009,1,2,1716,1);
INSERT INTO smartphone VALUES(1154,11,1526,1,38,3317,3);
INSERT INTO smartphone VALUES(1155,16,987,1,20,1454,0);
INSERT INTO smartphone VALUES(1156,6,1414,1,49,2290,1);
INSERT INTO smartphone VALUES(1157,30,1732,0,61,3940,3);
INSERT INTO smartphone VALUES(1158,81,1587,0,50,461,0);
INSERT INTO smartphone VALUES(1159,105,1097,0,21,2219,2);
INSERT INTO smartphone VALUES(1160,124,504,1,40,470,0);
INSERT INTO smartphone VALUES(1161,62,1159,0,28,2495,2);
INSERT INTO smartphone VALUES(1162,121,1910,0,29,2944,2);
INSERT INTO smartphone VALUES(1163,106,865,1,59,2361,2);
INSERT INTO smartphone VALUES(1164,9,1930,0,16,1783,2);
INSERT INTO smartphone VALUES(1165,100,860,1,40,2832,2);
INSERT INTO smartphone VALUES(1166,12,1268,0,42,931,0);
INSERT INTO smartphone VALUES(1167,2,999,1,27,1344,0);
INSERT INTO smartphone VALUES(1168,85,622,0,9,3916,2);
INSERT INTO smartphone VALUES(1169,89,1250,0,44,1882,1);
INSERT INTO smartphone VALUES(1170,74,763,0,51,2865,2);
INSERT INTO smartphone VALUES(1171,30,1100,0,15,757,0);
INSERT INTO smartphone VALUES(1172,31,815,1,51,3469,3);
INSERT INTO smartphone VALUES(1173,48,618,1,57,2399,1);
INSERT INTO smartphone VALUES(1174,7,553,1,18,3300,3);
INSERT INTO smartphone VALUES(1175,2,673,1,3,2719,2);
INSERT INTO smartphone VALUES(1176,62,563,1,47,3012,2);
INSERT INTO smartphone VALUES(1177,47,1590,1,14,2836,3);
INSERT INTO smartphone VALUES(1178,32,1031,1,11,2385,2);
INSERT INTO smartphone VALUES(1179,57,909,1,30,594,0);
INSERT INTO smartphone VALUES(1180,19,1880,0,7,2968,3);
INSERT INTO smartphone VALUES(1181,20,1479,1,24,3762,3);
INSERT INTO smartphone VALUES(1182,35,1271,1,2,892,1);
INSERT INTO smartphone VALUES(1183,31,709,0,13,467,0);
INSERT INTO smartphone VALUES(1184,111,1744,0,62,345,0);
INSERT INTO smartphone VALUES(1185,91,1314,0,40,3033,3);
INSERT INTO smartphone VALUES(1186,90,1136,0,9,2110,2);
INSERT INTO smartphone VALUES(1187,12,1039,0,56,3105,2);
INSERT INTO smartphone VALUES(1188,78,1300,0,62,874,0);
INSERT INTO smartphone VALUES(1189,121,732,1,39,3681,3);
INSERT INTO smartphone VALUES(1190,107,511,1,52,3865,2);
INSERT INTO smartphone VALUES(1191,79,1092,1,11,737,0);
INSERT INTO smartphone VALUES(1192,103,921,1,10,3153,3);
INSERT INTO smartphone VALUES(1193,74,1030,0,37,2800,2);
INSERT INTO smartphone VALUES(1194,80,1130,1,27,315,0);
INSERT INTO smartphone VALUES(1195,112,1299,1,60,1412,1);
INSERT INTO smartphone VALUES(1196,46,1009,1,2,2286,2);
INSERT INTO smartphone VALUES(1197,100,1735,1,34,2392,2);
INSERT INTO smartphone VALUES(1198,124,1129,1,49,1857,1);
INSERT INTO smartphone VALUES(1199,34,708,0,26,1419,0);
INSERT INTO smartphone VALUES(1200,97,894,0,58,3305,2);
INSERT INTO smartphone VALUES(1201,112,530,0,32,959,0);
INSERT INTO smartphone VALUES(1202,36,1481,1,35,2635,2);
INSERT INTO smartphone VALUES(1203,86,1068,1,45,1754,1);
INSERT INTO smartphone VALUES(1204,101,1487,0,57,2563,2);
INSERT INTO smartphone VALUES(1205,63,1524,1,41,1936,1);
INSERT INTO smartphone VALUES(1206,23,1093,1,22,1869,1);
INSERT INTO smartphone VALUES(1207,85,1816,1,50,3637,3);
INSERT INTO smartphone VALUES(1208,60,627,0,20,896,0);
INSERT INTO smartphone VALUES(1209,45,989,0,51,2349,1);
INSERT INTO smartphone VALUES(1210,102,1895,0,5,774,1);
INSERT INTO smartphone VALUES(1211,12,805,1,58,3397,2);
INSERT INTO smartphone VALUES(1212,26,713,0,2,485,0);
INSERT INTO smartphone VALUES(1213,112,864,0,24,3964,3);
INSERT INTO smartphone VALUES(1214,34,1177,0,11,1887,1);
INSERT INTO smartphone VALUES(1215,6,582,0,32,2977,2);
INSERT INTO smartphone VALUES(1216,55,1898,1,56,2114,2);
INSERT INTO smartphone VALUES(1217,50,1158,1,29,1542,1);
INSERT INTO smartphone VALUES(1218,98,1451,0,57,3038,3);
INSERT INTO smartphone VALUES(1219,112,1820,0,51,2481,2);
INSERT INTO smartphone VALUES(1220,30,984,1,9,841,0);
INSERT INTO smartphone VALUES(1221,84,580,1,24,3565,2);
INSERT INTO smartphone VALUES(1222,26,1263,0,5,1958,2);
INSERT INTO smartphone VALUES(1223,98,1237,0,27,2454,2);
INSERT INTO smartphone VALUES(1224,86,514,0,37,3392,3);
INSERT INTO smartphone VALUES(1225,114,1515,0,56,262,0);
INSERT INTO smartphone VALUES(1226,113,721,1,6,530,0);
INSERT INTO smartphone VALUES(1227,115,603,1,35,3703,3);
INSERT INTO smartphone VALUES(1228,64,1426,0,55,2562,2);
INSERT INTO smartphone VALUES(1229,87,1820,1,64,574,1);
INSERT INTO smartphone VALUES(1230,63,1215,0,16,2632,2);
INSERT INTO smartphone VALUES(1231,16,697,1,20,259,0);
INSERT INTO smartphone VALUES(1232,34,717,1,10,688,0);
INSERT INTO smartphone VALUES(1233,75,1348,1,36,2554,2);
INSERT INTO smartphone VALUES(1234,13,1164,1,61,3859,3);
INSERT INTO smartphone VALUES(1235,18,578,0,62,2977,2);
INSERT INTO smartphone VALUES(1236,93,1971,1,40,571,0);
INSERT INTO smartphone VALUES(1237,76,1794,1,55,402,0);
INSERT INTO smartphone VALUES(1238,93,1558,0,32,878,0);
INSERT INTO smartphone VALUES(1239,89,1597,0,4,2130,2);
INSERT INTO smartphone VALUES(1240,45,1240,0,39,3260,3);
INSERT INTO smartphone VALUES(1241,104,1994,1,7,454,0);
INSERT INTO smartphone VALUES(1242,34,1221,0,35,2638,2);
INSERT INTO smartphone VALUES(1243,6,989,1,24,2819,2);
INSERT INTO smartphone VALUES(1244,76,1180,0,50,1464,1);
INSERT INTO smartphone VALUES(1245,104,718,0,59,1824,1);
INSERT INTO smartphone VALUES(1246,76,1670,1,47,876,1);
INSERT INTO smartphone VALUES(1247,48,534,0,21,2706,2);
INSERT INTO smartphone VALUES(1248,10,1566,1,20,659,1);
INSERT INTO smartphone VALUES(1249,51,1935,0,29,455,0);
INSERT INTO smartphone VALUES(1250,65,504,1,54,2378,2);
INSERT INTO smartphone VALUES(1251,80,913,1,41,2278,1);
INSERT INTO smartphone VALUES(1252,47,1317,1,43,3436,3);
INSERT INTO smartphone VALUES(1253,47,917,0,31,3424,3);
INSERT INTO smartphone VALUES(1254,25,712,1,49,401,0);
INSERT INTO smartphone VALUES(1255,64,1083,0,52,681,0);
INSERT INTO smartphone VALUES(1256,52,1039,0,6,3212,2);
INSERT INTO smartphone VALUES(1257,71,1747,0,13,3105,3);
INSERT INTO smartphone VALUES(1258,82,1449,1,52,2036,1);
INSERT INTO smartphone VALUES(1259,78,1872,1,49,3153,3);
INSERT INTO smartphone VALUES(1260,118,1796,1,7,1642,1);
INSERT INTO smartphone VALUES(1261,4,1097,0,60,509,0);
INSERT INTO smartphone VALUES(1262,98,1562,1,20,3465,3);
INSERT INTO smartphone VALUES(1263,93,1433,0,27,3900,3);
INSERT INTO smartphone VALUES(1264,92,740,0,12,1105,0);
INSERT INTO smartphone VALUES(1265,15,676,0,39,2064,1);
INSERT INTO smartphone VALUES(1266,24,503,1,13,3117,3);
INSERT INTO smartphone VALUES(1267,72,1020,0,7,1142,1);
INSERT INTO smartphone VALUES(1268,111,896,1,4,1060,1);
INSERT INTO smartphone VALUES(1269,120,1824,0,19,2381,2);
INSERT INTO smartphone VALUES(1270,22,1512,1,54,3366,3);
INSERT INTO smartphone VALUES(1271,108,1053,0,42,1339,0);
INSERT INTO smartphone VALUES(1272,112,1944,1,31,2560,3);
INSERT INTO smartphone VALUES(1273,85,1174,1,25,285,0);
INSERT INTO smartphone VALUES(1274,28,627,1,12,2476,1);
INSERT INTO smartphone VALUES(1275,25,1602,0,46,1862,1);
INSERT INTO smartphone VALUES(1276,72,1733,1,6,3488,3);
INSERT INTO smartphone VALUES(1277,73,586,1,8,3178,2);
INSERT INTO smartphone VALUES(1278,28,1528,0,37,733,0);
INSERT INTO smartphone VALUES(1279,31,875,0,23,756,0);
INSERT INTO smartphone VALUES(1280,109,1602,0,58,3622,3);
INSERT INTO smartphone VALUES(1281,25,1426,0,12,1277,1);
INSERT INTO smartphone VALUES(1282,106,1370,0,6,3703,3);
INSERT INTO smartphone VALUES(1283,114,609,0,10,1905,1);
INSERT INTO smartphone VALUES(1284,56,840,1,15,2636,2);
INSERT INTO smartphone VALUES(1285,51,991,0,12,2014,2);
INSERT INTO smartphone VALUES(1286,51,1724,0,9,3056,3);
INSERT INTO smartphone VALUES(1287,6,584,0,19,465,0);
INSERT INTO smartphone VALUES(1288,52,860,1,49,3869,3);
INSERT INTO smartphone VALUES(1289,45,1541,1,28,1108,1);
INSERT INTO smartphone VALUES(1290,2,615,1,58,1906,1);
INSERT INTO smartphone VALUES(1291,57,912,1,46,851,0);
INSERT INTO smartphone VALUES(1292,20,1278,0,60,3142,3);
INSERT INTO smartphone VALUES(1293,26,1365,0,31,1300,0);
INSERT INTO smartphone VALUES(1294,37,1702,0,36,1430,2);
INSERT INTO smartphone VALUES(1295,9,589,0,59,362,0);
INSERT INTO smartphone VALUES(1296,25,1347,1,56,2456,2);
INSERT INTO smartphone VALUES(1297,71,1644,0,44,2360,2);
INSERT INTO smartphone VALUES(1298,9,956,1,42,3700,3);
INSERT INTO smartphone VALUES(1299,23,1089,1,2,2620,2);
INSERT INTO smartphone VALUES(1300,125,871,0,52,437,0);
INSERT INTO smartphone VALUES(1301,70,664,0,6,3774,3);
INSERT INTO smartphone VALUES(1302,51,1874,0,19,1218,1);
INSERT INTO smartphone VALUES(1303,11,1928,0,5,696,0);
INSERT INTO smartphone VALUES(1304,52,888,1,33,3407,3);
INSERT INTO smartphone VALUES(1305,71,1077,1,58,3902,3);
INSERT INTO smartphone VALUES(1306,26,1023,1,30,2086,1);
INSERT INTO smartphone VALUES(1307,31,1426,0,42,1356,1);
INSERT INTO smartphone VALUES(1308,110,831,1,26,1704,0);
INSERT INTO smartphone VALUES(1309,100,1496,1,6,3571,3);
INSERT INTO smartphone VALUES(1310,102,1433,0,5,2132,1);
INSERT INTO smartphone VALUES(1311,114,1095,1,44,3209,3);
INSERT INTO smartphone VALUES(1312,105,643,1,23,2096,1);
INSERT INTO smartphone VALUES(1313,107,1142,0,6,1273,1);
INSERT INTO smartphone VALUES(1314,92,730,1,27,3623,2);
INSERT INTO smartphone VALUES(1315,107,1901,0,41,368,0);
INSERT INTO smartphone VALUES(1316,106,1510,1,32,854,1);
INSERT INTO smartphone VALUES(1317,105,1924,0,59,3646,3);
INSERT INTO smartphone VALUES(1318,49,1825,1,17,3130,3);
INSERT INTO smartphone VALUES(1319,71,1275,1,5,3784,3);
INSERT INTO smartphone VALUES(1320,92,987,0,17,3885,3);
INSERT INTO smartphone VALUES(1321,64,1538,0,13,1494,1);
INSERT INTO smartphone VALUES(1322,102,1965,0,29,2973,3);
INSERT INTO smartphone VALUES(1323,44,808,0,20,1471,0);
INSERT INTO smartphone VALUES(1324,98,712,0,27,2001,1);
INSERT INTO smartphone VALUES(1325,53,1507,1,42,1486,1);
INSERT INTO smartphone VALUES(1326,91,912,0,47,1321,0);
INSERT INTO smartphone VALUES(1327,43,769,0,17,1877,1);
INSERT INTO smartphone VALUES(1328,31,948,0,22,3499,3);
INSERT INTO smartphone VALUES(1329,13,507,1,39,2124,1);
INSERT INTO smartphone VALUES(1330,8,1384,1,60,1221,1);
INSERT INTO smartphone VALUES(1331,85,1766,0,29,2316,2);
INSERT INTO smartphone VALUES(1332,113,1407,1,16,1068,1);
INSERT INTO smartphone VALUES(1333,87,614,1,24,1930,1);
INSERT INTO smartphone VALUES(1334,115,1972,0,14,1316,1);
INSERT INTO smartphone VALUES(1335,74,1039,1,47,1742,1);
INSERT INTO smartphone VALUES(1336,1,511,1,34,3265,2);
INSERT INTO smartphone VALUES(1337,94,1811,0,5,2700,2);
INSERT INTO smartphone VALUES(1338,30,1159,0,36,2115,2);
INSERT INTO smartphone VALUES(1339,74,1848,1,12,3915,3);
INSERT INTO smartphone VALUES(1340,10,1988,0,16,3144,3);
INSERT INTO smartphone VALUES(1341,35,1469,0,58,1571,2);
INSERT INTO smartphone VALUES(1342,110,1423,0,44,2253,1);
INSERT INTO smartphone VALUES(1343,66,1974,1,10,1433,1);
INSERT INTO smartphone VALUES(1344,26,835,1,42,2583,2);
INSERT INTO smartphone VALUES(1345,61,1429,0,42,1817,1);
INSERT INTO smartphone VALUES(1346,100,947,0,51,2915,2);
INSERT INTO smartphone VALUES(1347,78,1446,1,18,3340,3);
INSERT INTO smartphone VALUES(1348,21,1332,1,7,2790,2);
INSERT INTO smartphone VALUES(1349,15,1498,1,14,577,0);
INSERT INTO smartphone VALUES(1350,106,1576,1,14,3220,3);
INSERT INTO smartphone VALUES(1351,51,1398,1,26,3488,3);
INSERT INTO smartphone VALUES(1352,44,1885,1,14,1277,1);
INSERT INTO smartphone VALUES(1353,75,798,1,2,3593,2);
INSERT INTO smartphone VALUES(1354,26,1436,1,42,2736,3);
INSERT INTO smartphone VALUES(1355,86,1998,0,31,2311,2);
INSERT INTO smartphone VALUES(1356,110,1321,0,63,1464,1);
INSERT INTO smartphone VALUES(1357,114,1021,0,9,1355,1);
INSERT INTO smartphone VALUES(1358,28,1339,1,40,2382,2);
INSERT INTO smartphone VALUES(1359,106,1210,1,57,1886,1);
INSERT INTO smartphone VALUES(1360,47,1949,1,31,832,1);
INSERT INTO smartphone VALUES(1361,58,882,1,28,751,0);
INSERT INTO smartphone VALUES(1362,7,1549,1,27,436,0);
INSERT INTO smartphone VALUES(1363,102,1991,1,42,722,0);
INSERT INTO smartphone VALUES(1364,106,796,0,12,1075,0);
INSERT INTO smartphone VALUES(1365,93,1012,1,39,2802,2);
INSERT INTO smartphone VALUES(1366,122,1318,1,11,1780,1);
INSERT INTO smartphone VALUES(1367,22,1708,0,14,1247,1);
INSERT INTO smartphone VALUES(1368,114,598,1,62,3066,2);
INSERT INTO smartphone VALUES(1369,22,541,0,51,403,0);
INSERT INTO smartphone VALUES(1370,76,818,1,23,2518,2);
INSERT INTO smartphone VALUES(1371,51,1414,0,15,1069,0);
INSERT INTO smartphone VALUES(1372,112,601,1,6,2651,2);
INSERT INTO smartphone VALUES(1373,41,561,1,40,2974,2);
INSERT INTO smartphone VALUES(1374,11,1616,1,52,657,0);
INSERT INTO smartphone VALUES(1375,125,1263,1,32,3372,3);
INSERT INTO smartphone VALUES(1376,112,1604,1,63,1464,1);
INSERT INTO smartphone VALUES(1377,114,539,1,24,1326,0);
INSERT INTO smartphone VALUES(1378,26,1071,0,49,3393,3);
INSERT INTO smartphone VALUES(1379,3,826,1,57,323,0);
INSERT INTO smartphone VALUES(1380,91,771,0,62,1628,1);
INSERT INTO smartphone VALUES(1381,6,1811,0,33,2610,3);
INSERT INTO smartphone VALUES(1382,124,1842,1,56,3721,3);
INSERT INTO smartphone VALUES(1383,58,1420,1,50,763,0);
INSERT INTO smartphone VALUES(1384,87,1763,1,10,792,0);
INSERT INTO smartphone VALUES(1385,96,1163,0,2,1568,1);
INSERT INTO smartphone VALUES(1386,81,1805,0,29,1276,1);
INSERT INTO smartphone VALUES(1387,64,610,1,52,3472,3);
INSERT INTO smartphone VALUES(1388,66,1533,1,17,2520,2);
INSERT INTO smartphone VALUES(1389,56,1924,0,63,3423,3);
INSERT INTO smartphone VALUES(1390,109,1801,1,52,258,0);
INSERT INTO smartphone VALUES(1391,113,1726,0,42,1868,2);
INSERT INTO smartphone VALUES(1392,73,794,1,14,2171,1);
INSERT INTO smartphone VALUES(1393,92,1686,1,28,780,0);
INSERT INTO smartphone VALUES(1394,63,1444,1,6,712,0);
INSERT INTO smartphone VALUES(1395,21,1004,1,30,1012,0);
INSERT INTO smartphone VALUES(1396,21,1242,0,28,318,0);
INSERT INTO smartphone VALUES(1397,23,539,0,26,3948,3);
INSERT INTO smartphone VALUES(1398,20,717,1,14,629,0);
INSERT INTO smartphone VALUES(1399,98,1540,1,29,1161,0);
INSERT INTO smartphone VALUES(1400,26,672,0,35,1403,0);
INSERT INTO smartphone VALUES(1401,101,1325,0,13,3707,3);
INSERT INTO smartphone VALUES(1402,121,950,0,55,1305,0);
INSERT INTO smartphone VALUES(1403,123,948,1,18,2926,2);
INSERT INTO smartphone VALUES(1404,121,1328,0,27,2674,2);
INSERT INTO smartphone VALUES(1405,48,1447,0,40,471,0);
INSERT INTO smartphone VALUES(1406,105,1973,1,21,1724,1);
INSERT INTO smartphone VALUES(1407,16,1731,1,60,1220,1);
INSERT INTO smartphone VALUES(1408,26,1617,0,63,2754,2);
INSERT INTO smartphone VALUES(1409,60,1791,1,33,594,0);
INSERT INTO smartphone VALUES(1410,95,851,1,54,1005,0);
INSERT INTO smartphone VALUES(1411,50,856,1,14,2439,1);
INSERT INTO smartphone VALUES(1412,43,714,0,30,2302,1);
INSERT INTO smartphone VALUES(1413,111,951,0,15,1083,0);
INSERT INTO smartphone VALUES(1414,30,1303,0,10,2219,2);
INSERT INTO smartphone VALUES(1415,115,1550,0,32,1571,2);
INSERT INTO smartphone VALUES(1416,56,1759,0,15,2107,2);
INSERT INTO smartphone VALUES(1417,23,1448,1,2,593,0);
INSERT INTO smartphone VALUES(1418,8,1987,0,50,857,1);
INSERT INTO smartphone VALUES(1419,3,908,0,44,3518,3);
INSERT INTO smartphone VALUES(1420,82,820,1,58,1284,0);
INSERT INTO smartphone VALUES(1421,10,904,1,19,545,0);
INSERT INTO smartphone VALUES(1422,46,667,1,6,3566,2);
INSERT INTO smartphone VALUES(1423,16,1109,0,34,2821,2);
INSERT INTO smartphone VALUES(1424,32,1333,0,59,3442,3);
INSERT INTO smartphone VALUES(1425,44,1352,0,6,1309,1);
INSERT INTO smartphone VALUES(1426,83,1600,1,19,1179,1);
INSERT INTO smartphone VALUES(1427,22,1454,1,37,1713,1);
INSERT INTO smartphone VALUES(1428,19,1489,1,9,1663,1);
INSERT INTO smartphone VALUES(1429,119,1823,1,10,1812,2);
INSERT INTO smartphone VALUES(1430,22,1581,0,41,1384,1);
INSERT INTO smartphone VALUES(1431,39,1672,1,44,1348,1);
INSERT INTO smartphone VALUES(1432,87,1283,1,27,3957,3);
INSERT INTO smartphone VALUES(1433,23,630,0,14,1212,0);
INSERT INTO smartphone VALUES(1434,78,659,0,24,3925,3);
INSERT INTO smartphone VALUES(1435,43,1811,1,32,348,0);
INSERT INTO smartphone VALUES(1436,97,688,0,40,1382,1);
INSERT INTO smartphone VALUES(1437,103,514,1,18,980,0);
INSERT INTO smartphone VALUES(1438,18,1933,1,16,838,0);
INSERT INTO smartphone VALUES(1439,121,915,0,31,378,0);
INSERT INTO smartphone VALUES(1440,108,1006,1,22,909,0);
INSERT INTO smartphone VALUES(1441,34,1134,0,13,3632,3);
INSERT INTO smartphone VALUES(1442,34,599,0,64,3396,2);
INSERT INTO smartphone VALUES(1443,106,973,1,53,1861,1);
INSERT INTO smartphone VALUES(1444,39,1180,0,27,348,0);
INSERT INTO smartphone VALUES(1445,106,1237,0,13,2528,2);
INSERT INTO smartphone VALUES(1446,8,659,1,5,2190,1);
INSERT INTO smartphone VALUES(1447,20,1142,1,6,663,0);
INSERT INTO smartphone VALUES(1448,75,1002,1,11,961,0);
INSERT INTO smartphone VALUES(1449,91,1392,0,44,1280,1);
INSERT INTO smartphone VALUES(1450,33,602,0,50,2189,2);
INSERT INTO smartphone VALUES(1451,33,1249,0,55,531,0);
INSERT INTO smartphone VALUES(1452,12,531,1,12,2331,1);
INSERT INTO smartphone VALUES(1453,10,1450,0,31,794,1);
INSERT INTO smartphone VALUES(1454,1,1342,0,50,2644,2);
INSERT INTO smartphone VALUES(1455,115,832,0,22,1666,1);
INSERT INTO smartphone VALUES(1456,29,867,0,57,2157,1);
INSERT INTO smartphone VALUES(1457,48,1404,0,44,1196,1);
INSERT INTO smartphone VALUES(1458,9,840,1,33,2072,2);
INSERT INTO smartphone VALUES(1459,50,1368,0,42,1590,1);
INSERT INTO smartphone VALUES(1460,22,1927,1,11,2916,3);
INSERT INTO smartphone VALUES(1461,117,1714,1,31,3707,3);
INSERT INTO smartphone VALUES(1462,104,1201,0,10,726,0);
INSERT INTO smartphone VALUES(1463,83,1796,0,44,3577,3);
INSERT INTO smartphone VALUES(1464,14,1147,1,28,2627,2);
INSERT INTO smartphone VALUES(1465,34,776,0,20,685,0);
INSERT INTO smartphone VALUES(1466,11,510,0,33,1693,1);
INSERT INTO smartphone VALUES(1467,6,1045,1,40,2137,2);
INSERT INTO smartphone VALUES(1468,105,1497,1,10,3696,3);
INSERT INTO smartphone VALUES(1469,20,1425,0,33,3771,3);
INSERT INTO smartphone VALUES(1470,81,726,0,40,1342,0);
INSERT INTO smartphone VALUES(1471,59,1576,0,20,1379,1);
INSERT INTO smartphone VALUES(1472,21,714,1,11,1164,1);
INSERT INTO smartphone VALUES(1473,61,1595,1,63,908,1);
INSERT INTO smartphone VALUES(1474,26,541,0,10,1019,1);
INSERT INTO smartphone VALUES(1475,71,1617,0,29,3685,3);
INSERT INTO smartphone VALUES(1476,87,1154,1,5,1470,1);
INSERT INTO smartphone VALUES(1477,90,1638,0,2,2299,2);
INSERT INTO smartphone VALUES(1478,24,1150,0,39,999,0);
INSERT INTO smartphone VALUES(1479,119,1254,0,44,3011,2);
INSERT INTO smartphone VALUES(1480,89,1806,1,54,3142,3);
INSERT INTO smartphone VALUES(1481,121,603,0,12,1543,1);
INSERT INTO smartphone VALUES(1482,83,1834,0,40,3692,3);
INSERT INTO smartphone VALUES(1483,12,520,0,31,2753,1);
INSERT INTO smartphone VALUES(1484,114,565,1,50,2156,1);
INSERT INTO smartphone VALUES(1485,31,1689,0,9,2637,2);
INSERT INTO smartphone VALUES(1486,114,742,0,21,331,0);
INSERT INTO smartphone VALUES(1487,31,1143,1,22,1214,1);
INSERT INTO smartphone VALUES(1488,21,761,0,3,2248,2);
INSERT INTO smartphone VALUES(1489,5,959,1,36,3073,3);
INSERT INTO smartphone VALUES(1490,40,772,1,8,422,0);
INSERT INTO smartphone VALUES(1491,13,1015,0,12,2293,1);
INSERT INTO smartphone VALUES(1492,14,1824,1,2,3958,3);
INSERT INTO smartphone VALUES(1493,100,1130,1,29,432,0);
INSERT INTO smartphone VALUES(1494,43,1183,1,48,1152,0);
INSERT INTO smartphone VALUES(1495,14,574,1,26,1303,0);
INSERT INTO smartphone VALUES(1496,61,1472,0,20,797,0);
INSERT INTO smartphone VALUES(1497,68,1868,0,40,298,0);
INSERT INTO smartphone VALUES(1498,109,1375,0,20,3847,3);
INSERT INTO smartphone VALUES(1499,42,881,0,64,2110,1);
INSERT INTO smartphone VALUES(1500,19,1742,1,43,1921,2);
INSERT INTO smartphone VALUES(1501,39,1225,1,60,2423,2);
INSERT INTO smartphone VALUES(1502,4,1970,1,15,1658,2);
INSERT INTO smartphone VALUES(1503,43,1186,1,21,2361,1);
INSERT INTO smartphone VALUES(1504,67,1762,0,60,1380,1);
INSERT INTO smartphone VALUES(1505,5,1731,1,4,3892,3);
INSERT INTO smartphone VALUES(1506,66,852,1,8,315,0);
INSERT INTO smartphone VALUES(1507,68,848,1,36,2289,1);
INSERT INTO smartphone VALUES(1508,102,1575,1,11,2182,2);
INSERT INTO smartphone VALUES(1509,101,1554,1,23,2184,2);
INSERT INTO smartphone VALUES(1510,120,1972,0,48,2872,3);
INSERT INTO smartphone VALUES(1511,116,827,1,35,2367,1);
INSERT INTO smartphone VALUES(1512,60,1063,0,3,1919,1);
INSERT INTO smartphone VALUES(1513,45,1695,1,34,3296,3);
INSERT INTO smartphone VALUES(1514,19,1343,1,14,462,0);
INSERT INTO smartphone VALUES(1515,58,834,0,27,1591,1);
INSERT INTO smartphone VALUES(1516,121,595,0,20,1593,0);
INSERT INTO smartphone VALUES(1517,39,1081,1,42,2456,1);
INSERT INTO smartphone VALUES(1518,56,911,1,14,2933,3);
INSERT INTO smartphone VALUES(1519,74,844,1,22,3154,3);
INSERT INTO smartphone VALUES(1520,18,1335,0,60,3615,3);
INSERT INTO smartphone VALUES(1521,55,1883,0,24,3563,3);
INSERT INTO smartphone VALUES(1522,3,1128,1,33,1440,1);
INSERT INTO smartphone VALUES(1523,123,826,1,57,1907,1);
INSERT INTO smartphone VALUES(1524,115,1650,0,38,324,0);
INSERT INTO smartphone VALUES(1525,5,1162,0,50,1404,1);
INSERT INTO smartphone VALUES(1526,107,1517,0,8,2738,2);
INSERT INTO smartphone VALUES(1527,99,963,0,60,2722,2);
INSERT INTO smartphone VALUES(1528,109,1837,1,12,2294,3);
INSERT INTO smartphone VALUES(1529,36,1028,0,30,1424,1);
INSERT INTO smartphone VALUES(1530,72,1831,1,55,1133,1);
INSERT INTO smartphone VALUES(1531,55,571,1,58,555,0);
INSERT INTO smartphone VALUES(1532,114,1770,0,9,3785,3);
INSERT INTO smartphone VALUES(1533,35,970,1,59,3675,3);
INSERT INTO smartphone VALUES(1534,69,642,0,38,435,0);
INSERT INTO smartphone VALUES(1535,23,622,1,11,3183,2);
INSERT INTO smartphone VALUES(1536,23,600,0,6,3495,2);
INSERT INTO smartphone VALUES(1537,62,1412,0,57,1853,1);
INSERT INTO smartphone VALUES(1538,102,733,0,16,2648,2);
INSERT INTO smartphone VALUES(1539,56,1070,0,19,2647,2);
INSERT INTO smartphone VALUES(1540,125,875,1,30,702,0);
INSERT INTO smartphone VALUES(1541,14,1994,0,5,1836,2);
INSERT INTO smartphone VALUES(1542,124,823,1,18,3894,3);
INSERT INTO smartphone VALUES(1543,27,1908,0,30,2944,3);
INSERT INTO smartphone VALUES(1544,62,790,1,44,3424,3);
INSERT INTO smartphone VALUES(1545,85,1330,1,40,2678,2);
INSERT INTO smartphone VALUES(1546,42,1660,0,15,2424,2);
INSERT INTO smartphone VALUES(1547,99,1776,0,20,2671,3);
INSERT INTO smartphone VALUES(1548,94,1611,1,27,3078,2);
INSERT INTO smartphone VALUES(1549,92,1410,1,15,2304,2);
INSERT INTO smartphone VALUES(1550,122,1772,0,45,1146,1);
INSERT INTO smartphone VALUES(1551,33,1280,0,39,2335,1);
INSERT INTO smartphone VALUES(1552,66,1712,1,23,1422,1);
INSERT INTO smartphone VALUES(1553,79,1562,0,55,2096,2);
INSERT INTO smartphone VALUES(1554,9,891,1,18,1303,0);
INSERT INTO smartphone VALUES(1555,28,1957,1,36,1115,1);
INSERT INTO smartphone VALUES(1556,70,1110,0,42,456,0);
INSERT INTO smartphone VALUES(1557,32,875,1,43,3396,3);
INSERT INTO smartphone VALUES(1558,25,1211,0,28,2750,2);
INSERT INTO smartphone VALUES(1559,70,769,1,54,941,0);
INSERT INTO smartphone VALUES(1560,23,671,0,2,2278,2);
INSERT INTO smartphone VALUES(1561,25,1872,0,26,2273,2);
INSERT INTO smartphone VALUES(1562,19,1076,1,14,2355,2);
INSERT INTO smartphone VALUES(1563,22,1325,0,50,2328,2);
INSERT INTO smartphone VALUES(1564,54,911,1,28,2638,1);
INSERT INTO smartphone VALUES(1565,122,1273,0,23,558,0);
INSERT INTO smartphone VALUES(1566,111,1062,0,39,1345,0);
INSERT INTO smartphone VALUES(1567,108,1317,0,12,425,0);
INSERT INTO smartphone VALUES(1568,17,940,0,16,2192,1);
INSERT INTO smartphone VALUES(1569,26,729,0,14,3397,2);
INSERT INTO smartphone VALUES(1570,80,1494,0,3,1208,1);
INSERT INTO smartphone VALUES(1571,99,1546,1,27,267,0);
INSERT INTO smartphone VALUES(1572,78,1253,0,34,3518,3);
INSERT INTO smartphone VALUES(1573,90,895,1,16,3122,2);
INSERT INTO smartphone VALUES(1574,13,793,1,43,1050,0);
INSERT INTO smartphone VALUES(1575,51,1628,1,56,3358,3);
INSERT INTO smartphone VALUES(1576,41,625,1,42,2929,2);
INSERT INTO smartphone VALUES(1577,95,1110,0,12,624,0);
INSERT INTO smartphone VALUES(1578,118,999,0,49,1598,1);
INSERT INTO smartphone VALUES(1579,95,1856,1,24,2052,2);
INSERT INTO smartphone VALUES(1580,58,1715,1,15,1249,1);
INSERT INTO smartphone VALUES(1581,84,1897,0,54,412,0);
INSERT INTO smartphone VALUES(1582,99,1202,1,19,595,0);
INSERT INTO smartphone VALUES(1583,106,1171,1,19,263,0);
INSERT INTO smartphone VALUES(1584,6,964,0,22,2577,2);
INSERT INTO smartphone VALUES(1585,106,1973,1,46,639,0);
INSERT INTO smartphone VALUES(1586,16,1992,1,2,3206,3);
INSERT INTO smartphone VALUES(1587,97,546,1,26,1550,1);
INSERT INTO smartphone VALUES(1588,14,1093,0,31,1646,1);
INSERT INTO smartphone VALUES(1589,90,1880,0,35,1930,2);
INSERT INTO smartphone VALUES(1590,116,1765,0,11,3695,3);
INSERT INTO smartphone VALUES(1591,8,1640,1,36,3235,3);
INSERT INTO smartphone VALUES(1592,53,1830,0,7,2334,2);
INSERT INTO smartphone VALUES(1593,29,826,0,62,1998,1);
INSERT INTO smartphone VALUES(1594,63,1864,0,7,2258,2);
INSERT INTO smartphone VALUES(1595,103,586,0,42,1869,1);
INSERT INTO smartphone VALUES(1596,42,1206,1,30,1825,2);
INSERT INTO smartphone VALUES(1597,44,832,1,5,3946,3);
INSERT INTO smartphone VALUES(1598,34,848,0,8,436,0);
INSERT INTO smartphone VALUES(1599,17,1851,0,53,2678,2);
INSERT INTO smartphone VALUES(1600,54,1166,0,59,3887,3);
INSERT INTO smartphone VALUES(1601,85,1776,1,35,1813,1);
INSERT INTO smartphone VALUES(1602,23,1254,0,27,817,0);
INSERT INTO smartphone VALUES(1603,46,1494,1,24,3614,3);
INSERT INTO smartphone VALUES(1604,42,984,1,39,2013,1);
INSERT INTO smartphone VALUES(1605,67,1179,0,5,543,0);
INSERT INTO smartphone VALUES(1606,52,513,0,27,3400,2);
INSERT INTO smartphone VALUES(1607,96,557,1,17,2623,1);
INSERT INTO smartphone VALUES(1608,97,744,1,33,2700,2);
INSERT INTO smartphone VALUES(1609,50,1129,1,21,1400,1);
INSERT INTO smartphone VALUES(1610,60,1148,1,58,3127,2);
INSERT INTO smartphone VALUES(1611,31,1793,0,44,2803,3);
INSERT INTO smartphone VALUES(1612,36,1310,1,15,2518,2);
INSERT INTO smartphone VALUES(1613,24,1604,0,6,3564,3);
INSERT INTO smartphone VALUES(1614,43,1676,0,37,2515,2);
INSERT INTO smartphone VALUES(1615,123,1001,1,40,3654,3);
INSERT INTO smartphone VALUES(1616,23,1086,0,24,3930,3);
INSERT INTO smartphone VALUES(1617,6,1986,1,39,3476,3);
INSERT INTO smartphone VALUES(1618,44,634,0,41,3242,3);
INSERT INTO smartphone VALUES(1619,113,502,0,52,2666,2);
INSERT INTO smartphone VALUES(1620,24,1641,0,48,1695,2);
INSERT INTO smartphone VALUES(1621,21,623,1,15,3510,2);
INSERT INTO smartphone VALUES(1622,75,962,1,17,3438,3);
INSERT INTO smartphone VALUES(1623,3,1057,0,41,2033,1);
INSERT INTO smartphone VALUES(1624,12,1862,0,62,1017,1);
INSERT INTO smartphone VALUES(1625,77,555,1,38,1686,1);
INSERT INTO smartphone VALUES(1626,32,1000,0,58,862,0);
INSERT INTO smartphone VALUES(1627,23,841,0,11,957,0);
INSERT INTO smartphone VALUES(1628,6,865,0,16,3494,3);
INSERT INTO smartphone VALUES(1629,91,999,1,56,3083,2);
INSERT INTO smartphone VALUES(1630,93,1232,0,30,1656,1);
INSERT INTO smartphone VALUES(1631,67,1194,0,34,313,0);
INSERT INTO smartphone VALUES(1632,78,612,1,20,3282,3);
INSERT INTO smartphone VALUES(1633,31,1362,0,47,3629,3);
INSERT INTO smartphone VALUES(1634,12,1469,1,44,1687,1);
INSERT INTO smartphone VALUES(1635,107,986,0,28,1149,0);
INSERT INTO smartphone VALUES(1636,73,1843,0,62,3899,3);
INSERT INTO smartphone VALUES(1637,17,1561,1,4,1783,2);
INSERT INTO smartphone VALUES(1638,99,1695,1,47,1629,1);
INSERT INTO smartphone VALUES(1639,78,667,1,8,2528,2);
INSERT INTO smartphone VALUES(1640,52,1768,0,2,3256,3);
INSERT INTO smartphone VALUES(1641,79,1269,1,41,2341,2);
INSERT INTO smartphone VALUES(1642,26,1109,1,57,2785,2);
INSERT INTO smartphone VALUES(1643,71,936,1,14,3761,3);
INSERT INTO smartphone VALUES(1644,3,1713,0,5,1513,1);
INSERT INTO smartphone VALUES(1645,99,1175,1,45,2240,1);
INSERT INTO smartphone VALUES(1646,89,1940,1,5,820,1);
INSERT INTO smartphone VALUES(1647,47,855,0,59,1875,1);
INSERT INTO smartphone VALUES(1648,92,771,1,33,920,0);
INSERT INTO smartphone VALUES(1649,82,645,0,63,3615,2);
INSERT INTO smartphone VALUES(1650,53,1307,0,7,1412,1);
INSERT INTO smartphone VALUES(1651,118,1948,1,5,361,0);
INSERT INTO smartphone VALUES(1652,65,1509,1,50,1540,1);
INSERT INTO smartphone VALUES(1653,105,626,1,11,1077,0);
INSERT INTO smartphone VALUES(1654,37,1190,1,40,3610,3);
INSERT INTO smartphone VALUES(1655,101,1727,1,57,512,0);
INSERT INTO smartphone VALUES(1656,101,1670,0,62,3024,3);
INSERT INTO smartphone VALUES(1657,32,1150,1,27,1610,1);
INSERT INTO smartphone VALUES(1658,104,1208,0,16,2201,1);
INSERT INTO smartphone VALUES(1659,116,1812,1,42,3338,3);
INSERT INTO smartphone VALUES(1660,54,770,1,61,3473,3);
INSERT INTO smartphone VALUES(1661,55,1559,1,10,2203,1);
INSERT INTO smartphone VALUES(1662,103,1902,0,13,940,1);
INSERT INTO smartphone VALUES(1663,59,1751,0,4,1155,1);
INSERT INTO smartphone VALUES(1664,59,1416,1,20,3872,3);
INSERT INTO smartphone VALUES(1665,116,1288,1,61,1882,2);
INSERT INTO smartphone VALUES(1666,81,1003,0,16,1798,1);
INSERT INTO smartphone VALUES(1667,93,1715,1,18,2598,3);
INSERT INTO smartphone VALUES(1668,48,1967,0,46,1567,1);
INSERT INTO smartphone VALUES(1669,1,962,1,2,1491,1);
INSERT INTO smartphone VALUES(1670,57,1487,0,42,2003,2);
INSERT INTO smartphone VALUES(1671,11,1569,1,54,3905,3);
INSERT INTO smartphone VALUES(1672,51,1146,0,57,291,0);
INSERT INTO smartphone VALUES(1673,16,1379,0,9,1693,1);
INSERT INTO smartphone VALUES(1674,36,1504,1,25,1788,1);
INSERT INTO smartphone VALUES(1675,116,1945,0,26,3322,3);
INSERT INTO smartphone VALUES(1676,108,1630,1,32,1751,2);
INSERT INTO smartphone VALUES(1677,13,1125,0,23,1641,1);
INSERT INTO smartphone VALUES(1678,36,614,0,51,2854,2);
INSERT INTO smartphone VALUES(1679,125,854,0,17,3115,2);
INSERT INTO smartphone VALUES(1680,84,1470,1,45,3259,3);
INSERT INTO smartphone VALUES(1681,72,1826,1,49,1612,2);
INSERT INTO smartphone VALUES(1682,96,807,1,37,2319,1);
INSERT INTO smartphone VALUES(1683,44,1996,1,7,1258,1);
INSERT INTO smartphone VALUES(1684,111,1083,0,41,1543,1);
INSERT INTO smartphone VALUES(1685,99,1035,1,49,3991,3);
INSERT INTO smartphone VALUES(1686,47,1521,0,62,3555,3);
INSERT INTO smartphone VALUES(1687,32,1314,1,5,3411,3);
INSERT INTO smartphone VALUES(1688,34,535,0,24,524,0);
INSERT INTO smartphone VALUES(1689,34,673,0,35,3541,3);
INSERT INTO smartphone VALUES(1690,94,1219,1,4,1998,2);
INSERT INTO smartphone VALUES(1691,29,1606,1,33,3437,3);
INSERT INTO smartphone VALUES(1692,98,1603,1,17,1637,1);
INSERT INTO smartphone VALUES(1693,85,1958,0,52,3064,3);
INSERT INTO smartphone VALUES(1694,35,695,0,12,2855,2);
INSERT INTO smartphone VALUES(1695,79,1441,1,53,1393,1);
INSERT INTO smartphone VALUES(1696,120,1470,1,33,1633,2);
INSERT INTO smartphone VALUES(1697,74,1890,0,48,2392,3);
INSERT INTO smartphone VALUES(1698,4,1152,1,26,3284,3);
INSERT INTO smartphone VALUES(1699,66,1619,0,20,464,0);
INSERT INTO smartphone VALUES(1700,37,1002,0,45,1234,0);
INSERT INTO smartphone VALUES(1701,115,742,0,36,292,0);
INSERT INTO smartphone VALUES(1702,116,1306,1,33,2521,2);
INSERT INTO smartphone VALUES(1703,125,1424,1,20,2658,2);
INSERT INTO smartphone VALUES(1704,67,942,1,27,587,0);
INSERT INTO smartphone VALUES(1705,112,1934,0,2,2190,2);
INSERT INTO smartphone VALUES(1706,29,1290,1,35,879,0);
INSERT INTO smartphone VALUES(1707,19,930,1,54,1743,2);
INSERT INTO smartphone VALUES(1708,62,1699,0,21,1181,1);
INSERT INTO smartphone VALUES(1709,113,1849,0,29,3330,3);
INSERT INTO smartphone VALUES(1710,95,1922,0,42,3564,3);
INSERT INTO smartphone VALUES(1711,83,548,1,56,562,0);
INSERT INTO smartphone VALUES(1712,36,916,0,47,1659,1);
INSERT INTO smartphone VALUES(1713,62,1783,0,14,1816,2);
INSERT INTO smartphone VALUES(1714,5,1083,1,49,1338,0);
INSERT INTO smartphone VALUES(1715,122,1698,0,7,2992,2);
INSERT INTO smartphone VALUES(1716,28,1969,1,7,315,0);
INSERT INTO smartphone VALUES(1717,55,869,0,2,3249,2);
INSERT INTO smartphone VALUES(1718,66,1337,1,5,3242,2);
INSERT INTO smartphone VALUES(1719,92,637,1,28,2725,2);
INSERT INTO smartphone VALUES(1720,51,833,1,27,586,0);
INSERT INTO smartphone VALUES(1721,105,1248,0,9,2454,2);
INSERT INTO smartphone VALUES(1722,24,1174,0,30,804,0);
INSERT INTO smartphone VALUES(1723,71,1831,0,44,2460,2);
INSERT INTO smartphone VALUES(1724,1,1002,1,27,1295,0);
INSERT INTO smartphone VALUES(1725,76,1010,1,8,2625,2);
INSERT INTO smartphone VALUES(1726,34,1117,1,21,1999,1);
INSERT INTO smartphone VALUES(1727,77,990,1,15,2698,2);
INSERT INTO smartphone VALUES(1728,62,1564,0,26,3742,3);
INSERT INTO smartphone VALUES(1729,45,1065,1,21,1193,1);
INSERT INTO smartphone VALUES(1730,6,1982,0,24,3511,3);
INSERT INTO smartphone VALUES(1731,7,1607,1,20,885,0);
INSERT INTO smartphone VALUES(1732,90,1066,1,5,1044,0);
INSERT INTO smartphone VALUES(1733,77,681,1,17,2548,2);
INSERT INTO smartphone VALUES(1734,18,1163,1,19,2940,2);
INSERT INTO smartphone VALUES(1735,10,1285,1,11,3966,3);
INSERT INTO smartphone VALUES(1736,59,753,0,48,3484,3);
INSERT INTO smartphone VALUES(1737,36,1779,1,5,1246,1);
INSERT INTO smartphone VALUES(1738,72,987,0,52,2757,2);
INSERT INTO smartphone VALUES(1739,80,511,1,24,2378,1);
INSERT INTO smartphone VALUES(1740,49,1044,0,12,1794,1);
INSERT INTO smartphone VALUES(1741,42,1855,0,32,3933,3);
INSERT INTO smartphone VALUES(1742,39,946,0,26,1637,0);
INSERT INTO smartphone VALUES(1743,89,657,1,21,783,0);
INSERT INTO smartphone VALUES(1744,61,1673,0,42,3094,2);
INSERT INTO smartphone VALUES(1745,45,731,1,28,1774,1);
INSERT INTO smartphone VALUES(1746,110,926,0,59,256,0);
INSERT INTO smartphone VALUES(1747,75,1261,0,52,1365,1);
INSERT INTO smartphone VALUES(1748,125,618,0,45,2339,2);
INSERT INTO smartphone VALUES(1749,44,936,0,57,2049,1);
INSERT INTO smartphone VALUES(1750,6,1485,1,28,3241,3);
INSERT INTO smartphone VALUES(1751,58,1339,1,21,867,0);
INSERT INTO smartphone VALUES(1752,98,508,0,50,2175,1);
INSERT INTO smartphone VALUES(1753,31,1938,1,44,3497,3);
INSERT INTO smartphone VALUES(1754,96,995,1,10,609,0);
INSERT INTO smartphone VALUES(1755,103,1086,1,43,3285,2);
INSERT INTO smartphone VALUES(1756,7,1322,1,35,3684,3);
INSERT INTO smartphone VALUES(1757,91,1864,1,57,3586,3);
INSERT INTO smartphone VALUES(1758,80,1944,0,26,2322,2);
INSERT INTO smartphone VALUES(1759,96,581,0,56,354,0);
INSERT INTO smartphone VALUES(1760,50,1020,1,27,3204,3);
INSERT INTO smartphone VALUES(1761,26,1936,0,44,1400,1);
INSERT INTO smartphone VALUES(1762,118,1329,0,23,2308,1);
INSERT INTO smartphone VALUES(1763,28,808,1,46,1082,0);
INSERT INTO smartphone VALUES(1764,47,994,1,40,3104,2);
INSERT INTO smartphone VALUES(1765,94,1811,0,22,2847,2);
INSERT INTO smartphone VALUES(1766,108,765,0,44,2256,2);
INSERT INTO smartphone VALUES(1767,52,993,1,16,1113,0);
INSERT INTO smartphone VALUES(1768,41,1136,0,32,3210,3);
INSERT INTO smartphone VALUES(1769,19,719,1,23,3990,3);
INSERT INTO smartphone VALUES(1770,101,733,1,63,984,0);
INSERT INTO smartphone VALUES(1771,76,1946,1,8,3117,3);
INSERT INTO smartphone VALUES(1772,52,1230,0,48,1622,2);
INSERT INTO smartphone VALUES(1773,48,1577,1,64,2967,3);
INSERT INTO smartphone VALUES(1774,13,1514,0,12,1037,0);
INSERT INTO smartphone VALUES(1775,4,579,0,7,2908,2);
INSERT INTO smartphone VALUES(1776,54,574,0,30,1167,0);
INSERT INTO smartphone VALUES(1777,20,1072,1,19,2715,2);
INSERT INTO smartphone VALUES(1778,115,843,1,16,1734,1);
INSERT INTO smartphone VALUES(1779,90,1492,0,11,2259,3);
INSERT INTO smartphone VALUES(1780,110,1807,0,16,2921,3);
INSERT INTO smartphone VALUES(1781,36,909,1,47,1244,0);
INSERT INTO smartphone VALUES(1782,41,1876,1,64,3132,3);
INSERT INTO smartphone VALUES(1783,6,1436,1,23,2488,2);
INSERT INTO smartphone VALUES(1784,33,1251,1,29,1052,0);
INSERT INTO smartphone VALUES(1785,34,636,0,28,2927,2);
INSERT INTO smartphone VALUES(1786,79,1354,1,26,2090,1);
INSERT INTO smartphone VALUES(1787,81,930,1,34,2131,2);
INSERT INTO smartphone VALUES(1788,78,1830,0,47,3362,3);
INSERT INTO smartphone VALUES(1789,58,1424,1,23,1053,1);
INSERT INTO smartphone VALUES(1790,64,583,1,51,1799,1);
INSERT INTO smartphone VALUES(1791,44,648,1,54,3124,3);
INSERT INTO smartphone VALUES(1792,80,1203,1,11,1672,0);
INSERT INTO smartphone VALUES(1793,113,1777,1,15,1552,1);
INSERT INTO smartphone VALUES(1794,66,1299,1,64,1938,1);
INSERT INTO smartphone VALUES(1795,112,1494,0,47,3202,3);
INSERT INTO smartphone VALUES(1796,10,527,1,53,1302,0);
INSERT INTO smartphone VALUES(1797,4,793,1,64,2296,1);
INSERT INTO smartphone VALUES(1798,40,873,1,8,575,0);
INSERT INTO smartphone VALUES(1799,14,722,0,12,2359,1);
INSERT INTO smartphone VALUES(1800,59,1250,0,20,3314,2);
INSERT INTO smartphone VALUES(1801,38,1358,0,60,440,0);
INSERT INTO smartphone VALUES(1802,69,1035,1,11,2002,1);
INSERT INTO smartphone VALUES(1803,69,1289,1,16,3167,3);
INSERT INTO smartphone VALUES(1804,76,1445,1,37,3480,3);
INSERT INTO smartphone VALUES(1805,82,1702,1,47,595,1);
INSERT INTO smartphone VALUES(1806,120,534,1,2,2466,2);
INSERT INTO smartphone VALUES(1807,43,628,0,60,1337,1);
INSERT INTO smartphone VALUES(1808,47,713,1,53,1462,0);
INSERT INTO smartphone VALUES(1809,120,1207,0,58,503,0);
INSERT INTO smartphone VALUES(1810,124,683,0,30,2066,1);
INSERT INTO smartphone VALUES(1811,71,594,0,27,708,0);
INSERT INTO smartphone VALUES(1812,74,537,0,55,2029,1);
INSERT INTO smartphone VALUES(1813,65,1565,0,38,308,0);
INSERT INTO smartphone VALUES(1814,82,1052,0,6,552,0);
INSERT INTO smartphone VALUES(1815,40,713,0,63,2082,1);
INSERT INTO smartphone VALUES(1816,119,1766,1,16,3314,3);
INSERT INTO smartphone VALUES(1817,89,584,1,19,3996,3);
INSERT INTO smartphone VALUES(1818,93,1541,1,5,1795,1);
INSERT INTO smartphone VALUES(1819,7,837,1,51,594,0);
INSERT INTO smartphone VALUES(1820,17,935,1,58,2473,2);
INSERT INTO smartphone VALUES(1821,7,665,0,31,690,0);
INSERT INTO smartphone VALUES(1822,20,680,0,34,3845,3);
INSERT INTO smartphone VALUES(1823,112,877,1,17,2004,1);
INSERT INTO smartphone VALUES(1824,97,1493,1,53,2083,2);
INSERT INTO smartphone VALUES(1825,12,1762,0,26,2661,2);
INSERT INTO smartphone VALUES(1826,68,842,1,57,1903,1);
INSERT INTO smartphone VALUES(1827,125,925,0,56,2466,2);
INSERT INTO smartphone VALUES(1828,94,1692,0,2,3779,3);
INSERT INTO smartphone VALUES(1829,85,1576,0,5,3904,3);
INSERT INTO smartphone VALUES(1830,15,1065,1,48,265,0);
INSERT INTO smartphone VALUES(1831,30,958,0,60,1417,0);
INSERT INTO smartphone VALUES(1832,65,623,0,26,1769,1);
INSERT INTO smartphone VALUES(1833,31,897,1,17,2948,2);
INSERT INTO smartphone VALUES(1834,125,1110,0,41,2572,2);
INSERT INTO smartphone VALUES(1835,117,616,0,21,3267,2);
INSERT INTO smartphone VALUES(1836,36,1680,1,37,1459,1);
INSERT INTO smartphone VALUES(1837,38,1715,0,12,1633,2);
INSERT INTO smartphone VALUES(1838,43,983,1,45,2052,1);
INSERT INTO smartphone VALUES(1839,81,720,1,14,1086,0);
INSERT INTO smartphone VALUES(1840,96,1660,0,24,2402,2);
INSERT INTO smartphone VALUES(1841,17,1564,1,42,3376,3);
INSERT INTO smartphone VALUES(1842,81,592,1,52,1507,0);
INSERT INTO smartphone VALUES(1843,51,969,1,44,641,0);
INSERT INTO smartphone VALUES(1844,6,1356,1,35,3451,3);
INSERT INTO smartphone VALUES(1845,47,504,0,14,1607,0);
INSERT INTO smartphone VALUES(1846,32,1546,1,6,3521,3);
INSERT INTO smartphone VALUES(1847,50,689,1,7,1241,0);
INSERT INTO smartphone VALUES(1848,41,1685,0,16,881,0);
INSERT INTO smartphone VALUES(1849,30,1792,0,62,2563,3);
INSERT INTO smartphone VALUES(1850,55,1786,0,61,3033,3);
INSERT INTO smartphone VALUES(1851,30,1944,1,59,769,0);
INSERT INTO smartphone VALUES(1852,111,1077,0,49,3454,3);
INSERT INTO smartphone VALUES(1853,81,648,0,60,819,0);
INSERT INTO smartphone VALUES(1854,7,1702,1,2,435,0);
INSERT INTO smartphone VALUES(1855,103,1571,0,30,586,0);
INSERT INTO smartphone VALUES(1856,28,856,1,19,650,0);
INSERT INTO smartphone VALUES(1857,97,1786,0,14,3038,3);
INSERT INTO smartphone VALUES(1858,36,914,0,60,3736,3);
INSERT INTO smartphone VALUES(1859,1,1615,0,9,2948,2);
INSERT INTO smartphone VALUES(1860,82,649,0,19,739,0);
INSERT INTO smartphone VALUES(1861,7,1646,0,25,686,0);
INSERT INTO smartphone VALUES(1862,50,1189,0,7,841,0);
INSERT INTO smartphone VALUES(1863,5,1043,0,29,1183,0);
INSERT INTO smartphone VALUES(1864,85,1920,1,19,3943,3);
INSERT INTO smartphone VALUES(1865,11,1220,0,54,1037,0);
INSERT INTO smartphone VALUES(1866,73,1748,1,53,2633,2);
INSERT INTO smartphone VALUES(1867,29,907,1,44,3911,3);
INSERT INTO smartphone VALUES(1868,44,1193,0,20,1958,2);
INSERT INTO smartphone VALUES(1869,37,1766,1,22,3297,3);
INSERT INTO smartphone VALUES(1870,72,1278,0,24,3141,3);
INSERT INTO smartphone VALUES(1871,2,1234,1,17,3351,2);
INSERT INTO smartphone VALUES(1872,77,1961,0,55,2355,3);
INSERT INTO smartphone VALUES(1873,113,1745,0,3,1308,1);
INSERT INTO smartphone VALUES(1874,113,1442,1,27,991,0);
INSERT INTO smartphone VALUES(1875,9,1083,1,39,3248,2);
INSERT INTO smartphone VALUES(1876,94,868,0,5,1519,0);
INSERT INTO smartphone VALUES(1877,125,864,1,53,493,0);
INSERT INTO smartphone VALUES(1878,65,1142,0,2,1747,1);
INSERT INTO smartphone VALUES(1879,125,608,1,64,2517,1);
INSERT INTO smartphone VALUES(1880,86,983,0,53,1389,1);
INSERT INTO smartphone VALUES(1881,59,1720,0,2,2522,2);
INSERT INTO smartphone VALUES(1882,31,1802,1,27,1885,2);
INSERT INTO smartphone VALUES(1883,88,591,1,16,704,0);
INSERT INTO smartphone VALUES(1884,65,1205,0,10,953,0);
INSERT INTO smartphone VALUES(1885,83,1369,1,28,3206,3);
INSERT INTO smartphone VALUES(1886,28,713,1,42,928,0);
INSERT INTO smartphone VALUES(1887,43,1082,1,2,2177,1);
INSERT INTO smartphone VALUES(1888,93,1719,1,52,2610,2);
INSERT INTO smartphone VALUES(1889,105,1544,0,12,489,0);
INSERT INTO smartphone VALUES(1890,60,1090,0,8,3839,3);
INSERT INTO smartphone VALUES(1891,69,1991,0,15,1861,1);
INSERT INTO smartphone VALUES(1892,118,1367,0,56,299,0);
INSERT INTO smartphone VALUES(1893,80,1179,0,32,340,0);
INSERT INTO smartphone VALUES(1894,28,721,1,15,3606,3);
INSERT INTO smartphone VALUES(1895,42,1549,1,62,799,0);
INSERT INTO smartphone VALUES(1896,30,1349,1,46,2367,1);
INSERT INTO smartphone VALUES(1897,98,1799,0,30,445,0);
INSERT INTO smartphone VALUES(1898,115,1075,1,11,3927,3);
INSERT INTO smartphone VALUES(1899,6,684,1,63,3756,3);
INSERT INTO smartphone VALUES(1900,108,1837,0,36,770,0);
INSERT INTO smartphone VALUES(1901,114,1619,0,21,1641,1);
INSERT INTO smartphone VALUES(1902,35,965,0,13,2343,2);
INSERT INTO smartphone VALUES(1903,71,730,0,9,2787,2);
INSERT INTO smartphone VALUES(1904,9,1361,0,47,2495,2);
INSERT INTO smartphone VALUES(1905,12,1494,0,45,3208,3);
INSERT INTO smartphone VALUES(1906,27,1027,0,18,1234,0);
INSERT INTO smartphone VALUES(1907,89,1807,1,38,1069,1);
INSERT INTO smartphone VALUES(1908,53,709,1,11,3568,3);
INSERT INTO smartphone VALUES(1909,59,689,0,45,3585,3);
INSERT INTO smartphone VALUES(1910,72,955,0,2,1974,1);
INSERT INTO smartphone VALUES(1911,124,1872,0,35,2419,3);
INSERT INTO smartphone VALUES(1912,97,1259,1,13,340,0);
INSERT INTO smartphone VALUES(1913,38,695,0,41,2282,1);
INSERT INTO smartphone VALUES(1914,115,1969,1,63,298,0);
INSERT INTO smartphone VALUES(1915,73,759,0,39,968,0);
INSERT INTO smartphone VALUES(1916,88,936,0,18,2391,2);
INSERT INTO smartphone VALUES(1917,51,1176,0,62,1534,1);
INSERT INTO smartphone VALUES(1918,103,1802,1,10,696,0);
INSERT INTO smartphone VALUES(1919,71,772,1,23,2782,2);
INSERT INTO smartphone VALUES(1920,13,1318,0,45,755,0);
INSERT INTO smartphone VALUES(1921,6,591,1,16,3746,3);
INSERT INTO smartphone VALUES(1922,48,569,1,41,2651,1);
INSERT INTO smartphone VALUES(1923,41,764,1,45,1341,0);
INSERT INTO smartphone VALUES(1924,45,1056,1,37,2651,2);
INSERT INTO smartphone VALUES(1925,18,1982,0,12,1824,1);
INSERT INTO smartphone VALUES(1926,25,1830,0,14,1905,2);
INSERT INTO smartphone VALUES(1927,30,1122,0,40,1456,1);
INSERT INTO smartphone VALUES(1928,49,1023,0,63,3155,3);
INSERT INTO smartphone VALUES(1929,71,1283,1,33,773,0);
INSERT INTO smartphone VALUES(1930,123,1602,1,35,1829,2);
INSERT INTO smartphone VALUES(1931,86,732,0,32,3883,3);
INSERT INTO smartphone VALUES(1932,106,1854,1,33,1675,1);
INSERT INTO smartphone VALUES(1933,56,718,1,30,1601,1);
INSERT INTO smartphone VALUES(1934,14,897,0,2,1958,1);
INSERT INTO smartphone VALUES(1935,93,1405,0,8,2376,2);
INSERT INTO smartphone VALUES(1936,38,798,1,21,1647,1);
INSERT INTO smartphone VALUES(1937,20,1035,0,40,3548,3);
INSERT INTO smartphone VALUES(1938,93,1396,0,37,2694,2);
INSERT INTO smartphone VALUES(1939,109,1749,1,49,2195,2);
INSERT INTO smartphone VALUES(1940,110,1588,0,4,2506,2);
INSERT INTO smartphone VALUES(1941,4,1600,0,16,2073,2);
INSERT INTO smartphone VALUES(1942,4,1522,0,21,3767,3);
INSERT INTO smartphone VALUES(1943,27,1279,0,7,1150,1);
INSERT INTO smartphone VALUES(1944,92,719,0,6,841,0);
INSERT INTO smartphone VALUES(1945,62,544,1,7,1675,0);
INSERT INTO smartphone VALUES(1946,94,1007,1,21,1301,0);
INSERT INTO smartphone VALUES(1947,29,590,1,32,1817,0);
INSERT INTO smartphone VALUES(1948,15,1788,0,6,2321,2);
INSERT INTO smartphone VALUES(1949,115,748,0,25,1974,1);
INSERT INTO smartphone VALUES(1950,123,757,1,64,3433,2);
INSERT INTO smartphone VALUES(1951,108,1561,1,27,1205,1);
INSERT INTO smartphone VALUES(1952,15,1327,0,23,872,0);
INSERT INTO smartphone VALUES(1953,15,797,1,18,2052,1);
INSERT INTO smartphone VALUES(1954,20,727,1,64,3654,3);
INSERT INTO smartphone VALUES(1955,35,686,1,36,1503,0);
INSERT INTO smartphone VALUES(1956,40,1515,1,24,3104,3);
INSERT INTO smartphone VALUES(1957,123,555,1,17,343,0);
INSERT INTO smartphone VALUES(1958,55,1589,0,5,3430,3);
INSERT INTO smartphone VALUES(1959,13,1976,1,45,2470,3);
INSERT INTO smartphone VALUES(1960,33,1884,1,24,1396,1);
INSERT INTO smartphone VALUES(1961,85,1063,0,27,2668,2);
INSERT INTO smartphone VALUES(1962,68,672,1,61,1457,0);
INSERT INTO smartphone VALUES(1963,100,635,0,16,2452,2);
INSERT INTO smartphone VALUES(1964,51,1906,1,55,1871,1);
INSERT INTO smartphone VALUES(1965,28,1753,0,40,1112,1);
INSERT INTO smartphone VALUES(1966,88,659,1,3,967,0);
INSERT INTO smartphone VALUES(1967,97,1583,1,14,2498,2);
INSERT INTO smartphone VALUES(1968,71,1783,1,42,387,1);
INSERT INTO smartphone VALUES(1969,57,1667,1,21,635,0);
INSERT INTO smartphone VALUES(1970,101,640,1,6,2711,2);
INSERT INTO smartphone VALUES(1971,93,1913,0,29,2023,2);
INSERT INTO smartphone VALUES(1972,20,538,1,25,2215,1);
INSERT INTO smartphone VALUES(1973,83,1191,0,46,824,0);
INSERT INTO smartphone VALUES(1974,1,816,1,9,3851,3);
INSERT INTO smartphone VALUES(1975,69,915,1,33,2156,1);
INSERT INTO smartphone VALUES(1976,33,1157,0,27,2885,3);
INSERT INTO smartphone VALUES(1977,60,1201,0,10,495,0);
INSERT INTO smartphone VALUES(1978,17,1379,1,18,2358,2);
INSERT INTO smartphone VALUES(1979,14,1483,0,53,1744,1);
INSERT INTO smartphone VALUES(1980,75,1614,0,9,1832,1);
INSERT INTO smartphone VALUES(1981,13,930,1,4,2016,1);
INSERT INTO smartphone VALUES(1982,112,1454,0,6,1300,1);
INSERT INTO smartphone VALUES(1983,67,1784,0,41,2313,2);
INSERT INTO smartphone VALUES(1984,108,1262,1,34,3248,2);
INSERT INTO smartphone VALUES(1985,20,797,1,37,2216,1);
INSERT INTO smartphone VALUES(1986,63,1829,0,59,3142,3);
INSERT INTO smartphone VALUES(1987,124,1139,1,58,1850,1);
INSERT INTO smartphone VALUES(1988,15,618,0,13,1424,0);
INSERT INTO smartphone VALUES(1989,117,1547,0,57,1620,1);
INSERT INTO smartphone VALUES(1990,82,586,0,15,2592,1);
INSERT INTO smartphone VALUES(1991,83,1617,0,36,296,0);
INSERT INTO smartphone VALUES(1992,27,1882,0,44,3579,3);
INSERT INTO smartphone VALUES(1993,34,674,1,21,1180,0);
INSERT INTO smartphone VALUES(1994,102,1467,0,18,3962,3);
INSERT INTO smartphone VALUES(1995,48,858,0,50,3978,3);
INSERT INTO smartphone VALUES(1996,124,794,1,2,668,0);
INSERT INTO smartphone VALUES(1997,101,1965,1,39,2032,2);
INSERT INTO smartphone VALUES(1998,111,1911,1,36,3057,3);
INSERT INTO smartphone VALUES(1999,59,1512,0,46,869,0);
INSERT INTO smartphone VALUES(2000,77,510,1,45,3919,3);
DELETE FROM sqlite_sequence;
INSERT INTO sqlite_sequence VALUES('smartphone_cpu',125);
INSERT INTO sqlite_sequence VALUES('smartphone',2000);
CREATE INDEX "IX_smartphone_CpuId" ON "smartphone" ("CpuId");
COMMIT;
